file,line,type,commit,author,date,time,timezone,datetime,depth,length
style.css,1,css,4235b5be,Johny Nguyen,2026-04-10,02:21:50,-07:00,2026-04-10T02:21:50-07:00,0,3
style.css,2,css,4235b5be,Johny Nguyen,2026-04-10,02:21:50,-07:00,2026-04-10T02:21:50-07:00,1,44
style.css,3,css,9153d06b,Johny Nguyen,2026-04-17,01:41:31,-07:00,2026-04-17T01:41:31-07:00,1,23
style.css,4,css,4235b5be,Johny Nguyen,2026-04-10,02:21:50,-07:00,2026-04-10T02:21:50-07:00,0,0
style.css,5,css,4235b5be,Johny Nguyen,2026-04-10,02:21:50,-07:00,2026-04-10T02:21:50-07:00,0,0
style.css,6,css,503facf6,Johny Nguyen,2026-04-02,01:03:38,-07:00,2026-04-02T01:03:38-07:00,0,4
style.css,7,css,503facf6,Johny Nguyen,2026-04-02,01:03:38,-07:00,2026-04-02T01:03:38-07:00,1,43
style.css,8,css,503facf6,Johny Nguyen,2026-04-02,01:03:38,-07:00,2026-04-02T01:03:38-07:00,0,42
style.css,9,css,503facf6,Johny Nguyen,2026-04-02,01:03:38,-07:00,2026-04-02T01:03:38-07:00,0,0
style.css,10,css,503facf6,Johny Nguyen,2026-04-02,01:03:38,-07:00,2026-04-02T01:03:38-07:00,1,23
style.css,11,css,4235b5be,Johny Nguyen,2026-04-10,02:21:50,-07:00,2026-04-10T02:21:50-07:00,1,42
style.css,12,css,4235b5be,Johny Nguyen,2026-04-10,02:21:50,-07:00,2026-04-10T02:21:50-07:00,1,31
style.css,13,css,9153d06b,Johny Nguyen,2026-04-17,01:41:31,-07:00,2026-04-17T01:41:31-07:00,1,0
style.css,14,css,4235b5be,Johny Nguyen,2026-04-10,02:21:50,-07:00,2026-04-10T02:21:50-07:00,0,0
style.css,15,css,4235b5be,Johny Nguyen,2026-04-10,02:21:50,-07:00,2026-04-10T02:21:50-07:00,0,0
style.css,16,css,4235b5be,Johny Nguyen,2026-04-10,02:21:50,-07:00,2026-04-10T02:21:50-07:00,0,0
style.css,17,css,4235b5be,Johny Nguyen,2026-04-10,02:21:50,-07:00,2026-04-10T02:21:50-07:00,0,0
style.css,18,css,4235b5be,Johny Nguyen,2026-04-10,02:21:50,-07:00,2026-04-10T02:21:50-07:00,0,0
style.css,19,css,4235b5be,Johny Nguyen,2026-04-10,02:21:50,-07:00,2026-04-10T02:21:50-07:00,0,2
style.css,20,css,9153d06b,Johny Nguyen,2026-04-17,01:41:31,-07:00,2026-04-17T01:41:31-07:00,1,0
style.css,21,css,4235b5be,Johny Nguyen,2026-04-10,02:21:50,-07:00,2026-04-10T02:21:50-07:00,1,12
style.css,22,css,4235b5be,Johny Nguyen,2026-04-10,02:21:50,-07:00,2026-04-10T02:21:50-07:00,1,19
style.css,23,css,4235b5be,Johny Nguyen,2026-04-10,02:21:50,-07:00,2026-04-10T02:21:50-07:00,1,23
style.css,24,css,4235b5be,Johny Nguyen,2026-04-10,02:21:50,-07:00,2026-04-10T02:21:50-07:00,1,25
style.css,25,css,9153d06b,Johny Nguyen,2026-04-17,01:41:31,-07:00,2026-04-17T01:41:31-07:00,1,43
style.css,26,css,1bc131fe,Johny Nguyen,2026-05-02,03:00:28,-07:00,2026-05-02T03:00:28-07:00,1,1
style.css,27,css,1bc131fe,Johny Nguyen,2026-05-02,03:00:28,-07:00,2026-05-02T03:00:28-07:00,2,15
style.css,28,css,1bc131fe,Johny Nguyen,2026-05-02,03:00:28,-07:00,2026-05-02T03:00:28-07:00,1,0
style.css,29,css,1bc131fe,Johny Nguyen,2026-05-02,03:00:28,-07:00,2026-05-02T03:00:28-07:00,0,0
style.css,30,css,1bc131fe,Johny Nguyen,2026-05-02,03:00:28,-07:00,2026-05-02T03:00:28-07:00,1,1
style.css,31,css,1bc131fe,Johny Nguyen,2026-05-02,03:00:28,-07:00,2026-05-02T03:00:28-07:00,2,15
style.css,32,css,1bc131fe,Johny Nguyen,2026-05-02,03:00:28,-07:00,2026-05-02T03:00:28-07:00,1,0
style.css,33,css,9153d06b,Johny Nguyen,2026-04-17,01:41:31,-07:00,2026-04-17T01:41:31-07:00,0,0
style.css,34,css,4235b5be,Johny Nguyen,2026-04-10,02:21:50,-07:00,2026-04-10T02:21:50-07:00,0,0
style.css,35,css,4235b5be,Johny Nguyen,2026-04-10,02:21:50,-07:00,2026-04-10T02:21:50-07:00,0,0
style.css,36,css,4235b5be,Johny Nguyen,2026-04-10,02:21:50,-07:00,2026-04-10T02:21:50-07:00,0,4
style.css,37,css,4235b5be,Johny Nguyen,2026-04-10,02:21:50,-07:00,2026-04-10T02:21:50-07:00,1,6
style.css,38,css,4235b5be,Johny Nguyen,2026-04-10,02:21:50,-07:00,2026-04-10T02:21:50-07:00,1,20
style.css,39,css,4235b5be,Johny Nguyen,2026-04-10,02:21:50,-07:00,2026-04-10T02:21:50-07:00,1,13
style.css,40,css,4235b5be,Johny Nguyen,2026-04-10,02:21:50,-07:00,2026-04-10T02:21:50-07:00,1,17
style.css,41,css,4235b5be,Johny Nguyen,2026-04-10,02:21:50,-07:00,2026-04-10T02:21:50-07:00,1,13
style.css,42,css,4235b5be,Johny Nguyen,2026-04-10,02:21:50,-07:00,2026-04-10T02:21:50-07:00,0,0
style.css,43,css,4235b5be,Johny Nguyen,2026-04-10,02:21:50,-07:00,2026-04-10T02:21:50-07:00,0,0
style.css,44,css,4235b5be,Johny Nguyen,2026-04-10,02:21:50,-07:00,2026-04-10T02:21:50-07:00,0,7
style.css,45,css,4235b5be,Johny Nguyen,2026-04-10,02:21:50,-07:00,2026-04-10T02:21:50-07:00,1,25
style.css,46,css,4235b5be,Johny Nguyen,2026-04-10,02:21:50,-07:00,2026-04-10T02:21:50-07:00,1,25
style.css,47,css,9153d06b,Johny Nguyen,2026-04-17,01:41:31,-07:00,2026-04-17T01:41:31-07:00,1,55
style.css,48,css,4235b5be,Johny Nguyen,2026-04-10,02:21:50,-07:00,2026-04-10T02:21:50-07:00,1,20
style.css,49,css,4235b5be,Johny Nguyen,2026-04-10,02:21:50,-07:00,2026-04-10T02:21:50-07:00,0,0
style.css,50,css,4235b5be,Johny Nguyen,2026-04-10,02:21:50,-07:00,2026-04-10T02:21:50-07:00,0,0
style.css,51,css,4235b5be,Johny Nguyen,2026-04-10,02:21:50,-07:00,2026-04-10T02:21:50-07:00,0,10
style.css,52,css,4235b5be,Johny Nguyen,2026-04-10,02:21:50,-07:00,2026-04-10T02:21:50-07:00,1,25
style.css,53,css,4235b5be,Johny Nguyen,2026-04-10,02:21:50,-07:00,2026-04-10T02:21:50-07:00,1,25
style.css,54,css,4235b5be,Johny Nguyen,2026-04-10,02:21:50,-07:00,2026-04-10T02:21:50-07:00,1,39
style.css,55,css,4235b5be,Johny Nguyen,2026-04-10,02:21:50,-07:00,2026-04-10T02:21:50-07:00,1,20
style.css,56,css,9153d06b,Johny Nguyen,2026-04-17,01:41:31,-07:00,2026-04-17T01:41:31-07:00,1,69
style.css,57,css,4235b5be,Johny Nguyen,2026-04-10,02:21:50,-07:00,2026-04-10T02:21:50-07:00,0,0
style.css,58,css,4235b5be,Johny Nguyen,2026-04-10,02:21:50,-07:00,2026-04-10T02:21:50-07:00,0,0
style.css,59,css,4235b5be,Johny Nguyen,2026-04-10,02:21:50,-07:00,2026-04-10T02:21:50-07:00,0,3
style.css,60,css,fb1266c8,Johny Nguyen,2026-04-10,02:37:49,-07:00,2026-04-10T02:37:49-07:00,1,12
style.css,61,css,fb1266c8,Johny Nguyen,2026-04-10,02:37:49,-07:00,2026-04-10T02:37:49-07:00,1,30
style.css,62,css,fb1266c8,Johny Nguyen,2026-04-10,02:37:49,-07:00,2026-04-10T02:37:49-07:00,1,7
style.css,63,css,fb1266c8,Johny Nguyen,2026-04-10,02:37:49,-07:00,2026-04-10T02:37:49-07:00,1,0
style.css,64,css,4235b5be,Johny Nguyen,2026-04-10,02:21:50,-07:00,2026-04-10T02:21:50-07:00,1,4
style.css,65,css,fb1266c8,Johny Nguyen,2026-04-10,02:37:49,-07:00,2026-04-10T02:37:49-07:00,2,12
style.css,66,css,fb1266c8,Johny Nguyen,2026-04-10,02:37:49,-07:00,2026-04-10T02:37:49-07:00,2,29
style.css,67,css,fb1266c8,Johny Nguyen,2026-04-10,02:37:49,-07:00,2026-04-10T02:37:49-07:00,2,18
style.css,68,css,e21a2404,johny-nguyen,2026-04-10,19:55:52,-07:00,2026-04-10T19:55:52-07:00,2,12
style.css,69,css,e21a2404,johny-nguyen,2026-04-10,19:55:52,-07:00,2026-04-10T19:55:52-07:00,0,0
style.css,70,css,4235b5be,Johny Nguyen,2026-04-10,02:21:50,-07:00,2026-04-10T02:21:50-07:00,1,0
style.css,71,css,fb1266c8,Johny Nguyen,2026-04-10,02:37:49,-07:00,2026-04-10T02:37:49-07:00,1,5
style.css,72,css,fb1266c8,Johny Nguyen,2026-04-10,02:37:49,-07:00,2026-04-10T02:37:49-07:00,2,18
style.css,73,css,e21a2404,johny-nguyen,2026-04-10,19:55:52,-07:00,2026-04-10T19:55:52-07:00,0,0
style.css,74,css,30c06509,Johny Nguyen,2026-04-10,13:10:54,-07:00,2026-04-10T13:10:54-07:00,1,0
style.css,75,css,e21a2404,johny-nguyen,2026-04-10,19:55:52,-07:00,2026-04-10T19:55:52-07:00,0,0
style.css,76,css,e21a2404,johny-nguyen,2026-04-10,19:55:52,-07:00,2026-04-10T19:55:52-07:00,1,7
style.css,77,css,e21a2404,johny-nguyen,2026-04-10,19:55:52,-07:00,2026-04-10T19:55:52-07:00,2,12
style.css,78,css,e21a2404,johny-nguyen,2026-04-10,19:55:52,-07:00,2026-04-10T19:55:52-07:00,1,0
style.css,79,css,e21a2404,johny-nguyen,2026-04-10,19:55:52,-07:00,2026-04-10T19:55:52-07:00,0,0
style.css,80,css,e21a2404,johny-nguyen,2026-04-10,19:55:52,-07:00,2026-04-10T19:55:52-07:00,0,0
style.css,81,css,30c06509,Johny Nguyen,2026-04-10,13:10:54,-07:00,2026-04-10T13:10:54-07:00,0,0
style.css,82,css,30c06509,Johny Nguyen,2026-04-10,13:10:54,-07:00,2026-04-10T13:10:54-07:00,0,0
style.css,83,css,30c06509,Johny Nguyen,2026-04-10,13:10:54,-07:00,2026-04-10T13:10:54-07:00,0,8
style.css,84,css,30c06509,Johny Nguyen,2026-04-10,13:10:54,-07:00,2026-04-10T13:10:54-07:00,1,12
style.css,85,css,30c06509,Johny Nguyen,2026-04-10,13:10:54,-07:00,2026-04-10T13:10:54-07:00,1,58
style.css,86,css,30c06509,Johny Nguyen,2026-04-10,13:10:54,-07:00,2026-04-10T13:10:54-07:00,1,26
style.css,87,css,30c06509,Johny Nguyen,2026-04-10,13:10:54,-07:00,2026-04-10T13:10:54-07:00,1,7
style.css,88,css,30c06509,Johny Nguyen,2026-04-10,13:10:54,-07:00,2026-04-10T13:10:54-07:00,0,0
style.css,89,css,30c06509,Johny Nguyen,2026-04-10,13:10:54,-07:00,2026-04-10T13:10:54-07:00,1,6
style.css,90,css,30c06509,Johny Nguyen,2026-04-10,13:10:54,-07:00,2026-04-10T13:10:54-07:00,2,15
style.css,91,css,30c06509,Johny Nguyen,2026-04-10,13:10:54,-07:00,2026-04-10T13:10:54-07:00,2,1
style.css,92,css,30c06509,Johny Nguyen,2026-04-10,13:10:54,-07:00,2026-04-10T13:10:54-07:00,3,8
style.css,93,css,30c06509,Johny Nguyen,2026-04-10,13:10:54,-07:00,2026-04-10T13:10:54-07:00,3,15
style.css,94,css,30c06509,Johny Nguyen,2026-04-10,13:10:54,-07:00,2026-04-10T13:10:54-07:00,3,17
style.css,95,css,30c06509,Johny Nguyen,2026-04-10,13:10:54,-07:00,2026-04-10T13:10:54-07:00,2,0
style.css,96,css,fe721c52,Johny Nguyen,2026-04-24,01:00:45,-07:00,2026-04-24T01:00:45-07:00,2,2
style.css,97,css,fe721c52,Johny Nguyen,2026-04-24,01:00:45,-07:00,2026-04-24T01:00:45-07:00,2,10
style.css,98,css,fe721c52,Johny Nguyen,2026-04-24,01:00:45,-07:00,2026-04-24T01:00:45-07:00,2,16
style.css,99,css,fe721c52,Johny Nguyen,2026-04-24,01:00:45,-07:00,2026-04-24T01:00:45-07:00,2,0
style.css,100,css,4235b5be,Johny Nguyen,2026-04-10,02:21:50,-07:00,2026-04-10T02:21:50-07:00,1,0
style.css,101,css,30c06509,Johny Nguyen,2026-04-10,13:10:54,-07:00,2026-04-10T13:10:54-07:00,0,0
style.css,102,css,9c996a30,Johny Nguyen,2026-04-10,13:25:15,-07:00,2026-04-10T13:25:15-07:00,1,16
style.css,103,css,9c996a30,Johny Nguyen,2026-04-10,13:25:15,-07:00,2026-04-10T13:25:15-07:00,2,15
style.css,104,css,9c996a30,Johny Nguyen,2026-04-10,13:25:15,-07:00,2026-04-10T13:25:15-07:00,2,17
style.css,105,css,9c996a30,Johny Nguyen,2026-04-10,13:25:15,-07:00,2026-04-10T13:25:15-07:00,1,0
style.css,106,css,fe721c52,Johny Nguyen,2026-04-24,01:00:45,-07:00,2026-04-24T01:00:45-07:00,0,0
style.css,107,css,fe721c52,Johny Nguyen,2026-04-24,01:00:45,-07:00,2026-04-24T01:00:45-07:00,1,0
style.css,108,css,9c996a30,Johny Nguyen,2026-04-10,13:25:15,-07:00,2026-04-10T13:25:15-07:00,0,0
style.css,109,css,9c996a30,Johny Nguyen,2026-04-10,13:25:15,-07:00,2026-04-10T13:25:15-07:00,0,0
style.css,110,css,9c996a30,Johny Nguyen,2026-04-10,13:25:15,-07:00,2026-04-10T13:25:15-07:00,0,4
style.css,111,css,9c996a30,Johny Nguyen,2026-04-10,13:25:15,-07:00,2026-04-10T13:25:15-07:00,1,17
style.css,112,css,661d51cf,johny-nguyen,2026-04-10,19:47:38,-07:00,2026-04-10T19:47:38-07:00,1,19
style.css,113,css,661d51cf,johny-nguyen,2026-04-10,19:47:38,-07:00,2026-04-10T19:47:38-07:00,1,15
style.css,114,css,661d51cf,johny-nguyen,2026-04-10,19:47:38,-07:00,2026-04-10T19:47:38-07:00,0,0
style.css,115,css,9c996a30,Johny Nguyen,2026-04-10,13:25:15,-07:00,2026-04-10T13:25:15-07:00,0,0
style.css,116,css,9c996a30,Johny Nguyen,2026-04-10,13:25:15,-07:00,2026-04-10T13:25:15-07:00,0,0
style.css,117,css,661d51cf,johny-nguyen,2026-04-10,19:47:38,-07:00,2026-04-10T19:47:38-07:00,0,6
style.css,118,css,661d51cf,johny-nguyen,2026-04-10,19:47:38,-07:00,2026-04-10T19:47:38-07:00,1,1
style.css,119,css,661d51cf,johny-nguyen,2026-04-10,19:47:38,-07:00,2026-04-10T19:47:38-07:00,2,25
style.css,120,css,661d51cf,johny-nguyen,2026-04-10,19:47:38,-07:00,2026-04-10T19:47:38-07:00,1,0
style.css,121,css,661d51cf,johny-nguyen,2026-04-10,19:47:38,-07:00,2026-04-10T19:47:38-07:00,1,1
style.css,122,css,661d51cf,johny-nguyen,2026-04-10,19:47:38,-07:00,2026-04-10T19:47:38-07:00,2,12
style.css,123,css,661d51cf,johny-nguyen,2026-04-10,19:47:38,-07:00,2026-04-10T19:47:38-07:00,2,8
style.css,124,css,661d51cf,johny-nguyen,2026-04-10,19:47:38,-07:00,2026-04-10T19:47:38-07:00,2,15
style.css,125,css,661d51cf,johny-nguyen,2026-04-10,19:47:38,-07:00,2026-04-10T19:47:38-07:00,2,17
style.css,126,css,661d51cf,johny-nguyen,2026-04-10,19:47:38,-07:00,2026-04-10T19:47:38-07:00,2,20
style.css,127,css,661d51cf,johny-nguyen,2026-04-10,19:47:38,-07:00,2026-04-10T19:47:38-07:00,2,29
style.css,128,css,661d51cf,johny-nguyen,2026-04-10,19:47:38,-07:00,2026-04-10T19:47:38-07:00,2,0
style.css,129,css,661d51cf,johny-nguyen,2026-04-10,19:47:38,-07:00,2026-04-10T19:47:38-07:00,1,0
style.css,130,css,661d51cf,johny-nguyen,2026-04-10,19:47:38,-07:00,2026-04-10T19:47:38-07:00,0,0
style.css,131,css,661d51cf,johny-nguyen,2026-04-10,19:47:38,-07:00,2026-04-10T19:47:38-07:00,1,6
style.css,132,css,661d51cf,johny-nguyen,2026-04-10,19:47:38,-07:00,2026-04-10T19:47:38-07:00,2,17
style.css,133,css,661d51cf,johny-nguyen,2026-04-10,19:47:38,-07:00,2026-04-10T19:47:38-07:00,1,0
style.css,134,css,661d51cf,johny-nguyen,2026-04-10,19:47:38,-07:00,2026-04-10T19:47:38-07:00,1,9
style.css,135,css,661d51cf,johny-nguyen,2026-04-10,19:47:38,-07:00,2026-04-10T19:47:38-07:00,2,13
style.css,136,css,661d51cf,johny-nguyen,2026-04-10,19:47:38,-07:00,2026-04-10T19:47:38-07:00,2,20
style.css,137,css,661d51cf,johny-nguyen,2026-04-10,19:47:38,-07:00,2026-04-10T19:47:38-07:00,2,16
style.css,138,css,661d51cf,johny-nguyen,2026-04-10,19:47:38,-07:00,2026-04-10T19:47:38-07:00,2,8
style.css,139,css,661d51cf,johny-nguyen,2026-04-10,19:47:38,-07:00,2026-04-10T19:47:38-07:00,0,0
style.css,140,css,9c996a30,Johny Nguyen,2026-04-10,13:25:15,-07:00,2026-04-10T13:25:15-07:00,0,0
style.css,141,css,661d51cf,johny-nguyen,2026-04-10,19:47:38,-07:00,2026-04-10T19:47:38-07:00,2,1
style.css,142,css,661d51cf,johny-nguyen,2026-04-10,19:47:38,-07:00,2026-04-10T19:47:38-07:00,3,17
style.css,143,css,661d51cf,johny-nguyen,2026-04-10,19:47:38,-07:00,2026-04-10T19:47:38-07:00,3,18
style.css,144,css,661d51cf,johny-nguyen,2026-04-10,19:47:38,-07:00,2026-04-10T19:47:38-07:00,2,0
style.css,145,css,661d51cf,johny-nguyen,2026-04-10,19:47:38,-07:00,2026-04-10T19:47:38-07:00,1,0
style.css,146,css,661d51cf,johny-nguyen,2026-04-10,19:47:38,-07:00,2026-04-10T19:47:38-07:00,0,0
style.css,147,css,661d51cf,johny-nguyen,2026-04-10,19:47:38,-07:00,2026-04-10T19:47:38-07:00,1,11
style.css,148,css,661d51cf,johny-nguyen,2026-04-10,19:47:38,-07:00,2026-04-10T19:47:38-07:00,2,18
style.css,149,css,661d51cf,johny-nguyen,2026-04-10,19:47:38,-07:00,2026-04-10T19:47:38-07:00,2,18
style.css,150,css,661d51cf,johny-nguyen,2026-04-10,19:47:38,-07:00,2026-04-10T19:47:38-07:00,2,15
style.css,151,css,661d51cf,johny-nguyen,2026-04-10,19:47:38,-07:00,2026-04-10T19:47:38-07:00,1,0
style.css,152,css,661d51cf,johny-nguyen,2026-04-10,19:47:38,-07:00,2026-04-10T19:47:38-07:00,0,0
style.css,153,css,9153d06b,Johny Nguyen,2026-04-17,01:41:31,-07:00,2026-04-17T01:41:31-07:00,0,0
style.css,154,css,661d51cf,johny-nguyen,2026-04-10,19:47:38,-07:00,2026-04-10T19:47:38-07:00,0,0
style.css,155,css,9153d06b,Johny Nguyen,2026-04-17,01:41:31,-07:00,2026-04-17T01:41:31-07:00,0,12
style.css,156,css,9153d06b,Johny Nguyen,2026-04-17,01:41:31,-07:00,2026-04-17T01:41:31-07:00,2,17
style.css,157,css,9153d06b,Johny Nguyen,2026-04-17,01:41:31,-07:00,2026-04-17T01:41:31-07:00,2,10
style.css,158,css,9153d06b,Johny Nguyen,2026-04-17,01:41:31,-07:00,2026-04-17T01:41:31-07:00,2,12
style.css,159,css,9153d06b,Johny Nguyen,2026-04-17,01:41:31,-07:00,2026-04-17T01:41:31-07:00,2,13
style.css,160,css,9153d06b,Johny Nguyen,2026-04-17,01:41:31,-07:00,2026-04-17T01:41:31-07:00,2,19
style.css,161,css,661d51cf,johny-nguyen,2026-04-10,19:47:38,-07:00,2026-04-10T19:47:38-07:00,0,0
style.css,162,css,fe721c52,Johny Nguyen,2026-04-24,01:00:45,-07:00,2026-04-24T01:00:45-07:00,0,0
style.css,163,css,fe721c52,Johny Nguyen,2026-04-24,01:00:45,-07:00,2026-04-24T01:00:45-07:00,0,0
style.css,164,css,fe721c52,Johny Nguyen,2026-04-24,01:00:45,-07:00,2026-04-24T01:00:45-07:00,0,13
style.css,165,css,fe721c52,Johny Nguyen,2026-04-24,01:00:45,-07:00,2026-04-24T01:00:45-07:00,1,5
style.css,166,css,fe721c52,Johny Nguyen,2026-04-24,01:00:45,-07:00,2026-04-24T01:00:45-07:00,2,18
style.css,167,css,fe721c52,Johny Nguyen,2026-04-24,01:00:45,-07:00,2026-04-24T01:00:45-07:00,2,15
style.css,168,css,fe721c52,Johny Nguyen,2026-04-24,01:00:45,-07:00,2026-04-24T01:00:45-07:00,2,17
style.css,169,css,fe721c52,Johny Nguyen,2026-04-24,01:00:45,-07:00,2026-04-24T01:00:45-07:00,1,0
style.css,170,css,fe721c52,Johny Nguyen,2026-04-24,01:00:45,-07:00,2026-04-24T01:00:45-07:00,1,1
style.css,171,css,fe721c52,Johny Nguyen,2026-04-24,01:00:45,-07:00,2026-04-24T01:00:45-07:00,2,12
style.css,172,css,fe721c52,Johny Nguyen,2026-04-24,01:00:45,-07:00,2026-04-24T01:00:45-07:00,2,37
style.css,173,css,fe721c52,Johny Nguyen,2026-04-24,01:00:45,-07:00,2026-04-24T01:00:45-07:00,2,10
style.css,174,css,fe721c52,Johny Nguyen,2026-04-24,01:00:45,-07:00,2026-04-24T01:00:45-07:00,2,14
style.css,175,css,fe721c52,Johny Nguyen,2026-04-24,01:00:45,-07:00,2026-04-24T01:00:45-07:00,1,0
style.css,176,css,fe721c52,Johny Nguyen,2026-04-24,01:00:45,-07:00,2026-04-24T01:00:45-07:00,0,0
style.css,177,css,fe721c52,Johny Nguyen,2026-04-24,01:00:45,-07:00,2026-04-24T01:00:45-07:00,1,1
style.css,178,css,fe721c52,Johny Nguyen,2026-04-24,01:00:45,-07:00,2026-04-24T01:00:45-07:00,2,10
style.css,179,css,fe721c52,Johny Nguyen,2026-04-24,01:00:45,-07:00,2026-04-24T01:00:45-07:00,2,8
style.css,180,css,fe721c52,Johny Nguyen,2026-04-24,01:00:45,-07:00,2026-04-24T01:00:45-07:00,1,0
style.css,181,css,fe721c52,Johny Nguyen,2026-04-24,01:00:45,-07:00,2026-04-24T01:00:45-07:00,1,1
style.css,182,css,fe721c52,Johny Nguyen,2026-04-24,01:00:45,-07:00,2026-04-24T01:00:45-07:00,4,21
style.css,183,css,fe721c52,Johny Nguyen,2026-04-24,01:00:45,-07:00,2026-04-24T01:00:45-07:00,4,16
style.css,184,css,fe721c52,Johny Nguyen,2026-04-24,01:00:45,-07:00,2026-04-24T01:00:45-07:00,1,0
style.css,185,css,9169a183,Johny Nguyen,2026-05-01,02:18:20,-07:00,2026-05-01T02:18:20-07:00,0,0
style.css,186,css,9169a183,Johny Nguyen,2026-05-01,02:18:20,-07:00,2026-05-01T02:18:20-07:00,0,0
style.css,187,css,9169a183,Johny Nguyen,2026-05-01,02:18:20,-07:00,2026-05-01T02:18:20-07:00,0,19
style.css,188,css,9169a183,Johny Nguyen,2026-05-01,02:18:20,-07:00,2026-05-01T02:18:20-07:00,1,4
style.css,189,css,9169a183,Johny Nguyen,2026-05-01,02:18:20,-07:00,2026-05-01T02:18:20-07:00,2,32
style.css,190,css,9169a183,Johny Nguyen,2026-05-01,02:18:20,-07:00,2026-05-01T02:18:20-07:00,2,34
style.css,191,css,9169a183,Johny Nguyen,2026-05-01,02:18:20,-07:00,2026-05-01T02:18:20-07:00,1,0
style.css,192,css,1bc131fe,Johny Nguyen,2026-05-02,03:00:28,-07:00,2026-05-02T03:00:28-07:00,0,0
style.css,193,css,1bc131fe,Johny Nguyen,2026-05-02,03:00:28,-07:00,2026-05-02T03:00:28-07:00,0,0
style.css,194,css,1bc131fe,Johny Nguyen,2026-05-02,03:00:28,-07:00,2026-05-02T03:00:28-07:00,0,13
style.css,195,css,1bc131fe,Johny Nguyen,2026-05-02,03:00:28,-07:00,2026-05-02T03:00:28-07:00,1,14
style.css,196,css,1bc131fe,Johny Nguyen,2026-05-02,03:00:28,-07:00,2026-05-02T03:00:28-07:00,1,16
style.css,197,css,1bc131fe,Johny Nguyen,2026-05-02,03:00:28,-07:00,2026-05-02T03:00:28-07:00,0,0
style.css,198,css,1bc131fe,Johny Nguyen,2026-05-02,03:00:28,-07:00,2026-05-02T03:00:28-07:00,0,0
style.css,199,css,1bc131fe,Johny Nguyen,2026-05-02,03:00:28,-07:00,2026-05-02T03:00:28-07:00,1,16
style.css,200,css,1bc131fe,Johny Nguyen,2026-05-02,03:00:28,-07:00,2026-05-02T03:00:28-07:00,0,0
style.css,201,css,1bc131fe,Johny Nguyen,2026-05-02,03:00:28,-07:00,2026-05-02T03:00:28-07:00,0,0
style.css,202,css,1bc131fe,Johny Nguyen,2026-05-02,03:00:28,-07:00,2026-05-02T03:00:28-07:00,0,6
style.css,203,css,1bc131fe,Johny Nguyen,2026-05-02,03:00:28,-07:00,2026-05-02T03:00:28-07:00,1,19
style.css,204,css,1bc131fe,Johny Nguyen,2026-05-02,03:00:28,-07:00,2026-05-02T03:00:28-07:00,1,9
style.css,205,css,1bc131fe,Johny Nguyen,2026-05-02,03:00:28,-07:00,2026-05-02T03:00:28-07:00,1,10
style.css,206,css,1bc131fe,Johny Nguyen,2026-05-02,03:00:28,-07:00,2026-05-02T03:00:28-07:00,1,29
style.css,207,css,1bc131fe,Johny Nguyen,2026-05-02,03:00:28,-07:00,2026-05-02T03:00:28-07:00,1,17
style.css,208,css,1bc131fe,Johny Nguyen,2026-05-02,03:00:28,-07:00,2026-05-02T03:00:28-07:00,1,18
style.css,209,css,1bc131fe,Johny Nguyen,2026-05-02,03:00:28,-07:00,2026-05-02T03:00:28-07:00,1,7
style.css,210,css,1bc131fe,Johny Nguyen,2026-05-02,03:00:28,-07:00,2026-05-02T03:00:28-07:00,1,0
style.css,211,css,1bc131fe,Johny Nguyen,2026-05-02,03:00:28,-07:00,2026-05-02T03:00:28-07:00,0,0
style.css,212,css,1bc131fe,Johny Nguyen,2026-05-02,03:00:28,-07:00,2026-05-02T03:00:28-07:00,0,0
style.css,213,css,1bc131fe,Johny Nguyen,2026-05-02,03:00:28,-07:00,2026-05-02T03:00:28-07:00,0,6
style.css,214,css,1bc131fe,Johny Nguyen,2026-05-02,03:00:28,-07:00,2026-05-02T03:00:28-07:00,1,12
style.css,215,css,1bc131fe,Johny Nguyen,2026-05-02,03:00:28,-07:00,2026-05-02T03:00:28-07:00,1,6
style.css,216,css,1bc131fe,Johny Nguyen,2026-05-02,03:00:28,-07:00,2026-05-02T03:00:28-07:00,1,57
style.css,217,css,1bc131fe,Johny Nguyen,2026-05-02,03:00:28,-07:00,2026-05-02T03:00:28-07:00,1,20
style.css,218,css,1bc131fe,Johny Nguyen,2026-05-02,03:00:28,-07:00,2026-05-02T03:00:28-07:00,1,28
style.css,219,css,1bc131fe,Johny Nguyen,2026-05-02,03:00:28,-07:00,2026-05-02T03:00:28-07:00,1,27
style.css,220,css,1bc131fe,Johny Nguyen,2026-05-02,03:00:28,-07:00,2026-05-02T03:00:28-07:00,1,26
style.css,221,css,1bc131fe,Johny Nguyen,2026-05-02,03:00:28,-07:00,2026-05-02T03:00:28-07:00,1,13
style.css,222,css,1bc131fe,Johny Nguyen,2026-05-02,03:00:28,-07:00,2026-05-02T03:00:28-07:00,1,12
style.css,223,css,1bc131fe,Johny Nguyen,2026-05-02,03:00:28,-07:00,2026-05-02T03:00:28-07:00,0,0
style.css,224,css,1bc131fe,Johny Nguyen,2026-05-02,03:00:28,-07:00,2026-05-02T03:00:28-07:00,0,0
style.css,225,css,1bc131fe,Johny Nguyen,2026-05-02,03:00:28,-07:00,2026-05-02T03:00:28-07:00,0,11
style.css,226,css,1bc131fe,Johny Nguyen,2026-05-02,03:00:28,-07:00,2026-05-02T03:00:28-07:00,1,12
style.css,227,css,1bc131fe,Johny Nguyen,2026-05-02,03:00:28,-07:00,2026-05-02T03:00:28-07:00,1,9
style.css,228,css,1bc131fe,Johny Nguyen,2026-05-02,03:00:28,-07:00,2026-05-02T03:00:28-07:00,1,17
style.css,229,css,1bc131fe,Johny Nguyen,2026-05-02,03:00:28,-07:00,2026-05-02T03:00:28-07:00,0,0
style.css,230,css,1bc131fe,Johny Nguyen,2026-05-02,03:00:28,-07:00,2026-05-02T03:00:28-07:00,0,0
style.css,231,css,1bc131fe,Johny Nguyen,2026-05-02,03:00:28,-07:00,2026-05-02T03:00:28-07:00,0,0
style.css,232,css,1bc131fe,Johny Nguyen,2026-05-02,03:00:28,-07:00,2026-05-02T03:00:28-07:00,0,0
style.css,233,css,1bc131fe,Johny Nguyen,2026-05-02,03:00:28,-07:00,2026-05-02T03:00:28-07:00,0,9
style.css,234,css,1bc131fe,Johny Nguyen,2026-05-02,03:00:28,-07:00,2026-05-02T03:00:28-07:00,1,12
style.css,235,css,1bc131fe,Johny Nguyen,2026-05-02,03:00:28,-07:00,2026-05-02T03:00:28-07:00,1,18
style.css,236,css,1bc131fe,Johny Nguyen,2026-05-02,03:00:28,-07:00,2026-05-02T03:00:28-07:00,1,7
style.css,237,css,b9e8872c,Johny Nguyen,2026-05-02,03:37:23,-07:00,2026-05-02T03:37:23-07:00,0,0
style.css,238,css,b9e8872c,Johny Nguyen,2026-05-02,03:37:23,-07:00,2026-05-02T03:37:23-07:00,0,0
style.css,239,css,b9e8872c,Johny Nguyen,2026-05-02,03:37:23,-07:00,2026-05-02T03:37:23-07:00,0,16
style.css,240,css,b9e8872c,Johny Nguyen,2026-05-02,03:37:23,-07:00,2026-05-02T03:37:23-07:00,1,15
style.css,241,css,b9e8872c,Johny Nguyen,2026-05-02,03:37:23,-07:00,2026-05-02T03:37:23-07:00,2,11
style.css,242,css,b9e8872c,Johny Nguyen,2026-05-02,03:37:23,-07:00,2026-05-02T03:37:23-07:00,1,0
style.css,243,css,b9e8872c,Johny Nguyen,2026-05-02,03:37:23,-07:00,2026-05-02T03:37:23-07:00,0,0
style.css,244,css,b9e8872c,Johny Nguyen,2026-05-02,03:37:23,-07:00,2026-05-02T03:37:23-07:00,0,0
style.css,245,css,b9e8872c,Johny Nguyen,2026-05-02,03:37:23,-07:00,2026-05-02T03:37:23-07:00,0,3
style.css,246,css,b9e8872c,Johny Nguyen,2026-05-02,03:37:23,-07:00,2026-05-02T03:37:23-07:00,1,16
style.css,247,css,b9e8872c,Johny Nguyen,2026-05-02,03:37:23,-07:00,2026-05-02T03:37:23-07:00,1,14
style.css,248,css,b9e8872c,Johny Nguyen,2026-05-02,03:37:23,-07:00,2026-05-02T03:37:23-07:00,0,0
style.css,249,css,b9e8872c,Johny Nguyen,2026-05-02,03:37:23,-07:00,2026-05-02T03:37:23-07:00,0,0
style.css,250,css,b9e8872c,Johny Nguyen,2026-05-02,03:37:23,-07:00,2026-05-02T03:37:23-07:00,0,8
style.css,251,css,b9e8872c,Johny Nguyen,2026-05-02,03:37:23,-07:00,2026-05-02T03:37:23-07:00,1,35
style.css,252,css,b9e8872c,Johny Nguyen,2026-05-02,03:37:23,-07:00,2026-05-02T03:37:23-07:00,0,0
style.css,253,css,b9e8872c,Johny Nguyen,2026-05-02,03:37:23,-07:00,2026-05-02T03:37:23-07:00,1,10
style.css,254,css,b9e8872c,Johny Nguyen,2026-05-02,03:37:23,-07:00,2026-05-02T03:37:23-07:00,2,17
style.css,255,css,b9e8872c,Johny Nguyen,2026-05-02,03:37:23,-07:00,2026-05-02T03:37:23-07:00,1,0
style.css,256,css,37420e6e,Johny Nguyen,2026-05-06,02:07:54,-07:00,2026-05-06T02:07:54-07:00,0,0
style.css,257,css,37420e6e,Johny Nguyen,2026-05-06,02:07:54,-07:00,2026-05-06T02:07:54-07:00,0,0
style.css,258,css,37420e6e,Johny Nguyen,2026-05-06,02:07:54,-07:00,2026-05-06T02:07:54-07:00,0,5
style.css,259,css,37420e6e,Johny Nguyen,2026-05-06,02:07:54,-07:00,2026-05-06T02:07:54-07:00,1,1
style.css,260,css,37420e6e,Johny Nguyen,2026-05-06,02:07:54,-07:00,2026-05-06T02:07:54-07:00,2,12
style.css,261,css,37420e6e,Johny Nguyen,2026-05-06,02:07:54,-07:00,2026-05-06T02:07:54-07:00,2,37
style.css,262,css,37420e6e,Johny Nguyen,2026-05-06,02:07:54,-07:00,2026-05-06T02:07:54-07:00,2,10
style.css,263,css,37420e6e,Johny Nguyen,2026-05-06,02:07:54,-07:00,2026-05-06T02:07:54-07:00,2,14
style.css,264,css,37420e6e,Johny Nguyen,2026-05-06,02:07:54,-07:00,2026-05-06T02:07:54-07:00,1,0
style.css,265,css,37420e6e,Johny Nguyen,2026-05-06,02:07:54,-07:00,2026-05-06T02:07:54-07:00,0,0
style.css,266,css,37420e6e,Johny Nguyen,2026-05-06,02:07:54,-07:00,2026-05-06T02:07:54-07:00,1,1
style.css,267,css,37420e6e,Johny Nguyen,2026-05-06,02:07:54,-07:00,2026-05-06T02:07:54-07:00,2,10
style.css,268,css,37420e6e,Johny Nguyen,2026-05-06,02:07:54,-07:00,2026-05-06T02:07:54-07:00,2,8
style.css,269,css,37420e6e,Johny Nguyen,2026-05-06,02:07:54,-07:00,2026-05-06T02:07:54-07:00,1,0
style.css,270,css,37420e6e,Johny Nguyen,2026-05-06,02:07:54,-07:00,2026-05-06T02:07:54-07:00,0,0
style.css,271,css,37420e6e,Johny Nguyen,2026-05-06,02:07:54,-07:00,2026-05-06T02:07:54-07:00,1,1
style.css,272,css,37420e6e,Johny Nguyen,2026-05-06,02:07:54,-07:00,2026-05-06T02:07:54-07:00,2,14
style.css,273,css,3f44704b,Johny Nguyen,2026-05-06,19:30:23,-07:00,2026-05-06T19:30:23-07:00,2,10
style.css,274,css,37420e6e,Johny Nguyen,2026-05-06,02:07:54,-07:00,2026-05-06T02:07:54-07:00,1,0
style.css,275,css,37420e6e,Johny Nguyen,2026-05-06,02:07:54,-07:00,2026-05-06T02:07:54-07:00,0,0
style.css,276,css,37420e6e,Johny Nguyen,2026-05-06,02:07:54,-07:00,2026-05-06T02:07:54-07:00,0,0
style.css,277,css,37420e6e,Johny Nguyen,2026-05-06,02:07:54,-07:00,2026-05-06T02:07:54-07:00,0,9
style.css,278,css,3f44704b,Johny Nguyen,2026-05-06,19:30:23,-07:00,2026-05-06T19:30:23-07:00,1,11
style.css,279,css,3f44704b,Johny Nguyen,2026-05-06,19:30:23,-07:00,2026-05-06T19:30:23-07:00,0,0
style.css,280,css,3f44704b,Johny Nguyen,2026-05-06,19:30:23,-07:00,2026-05-06T19:30:23-07:00,0,0
style.css,281,css,3f44704b,Johny Nguyen,2026-05-06,19:30:23,-07:00,2026-05-06T19:30:23-07:00,0,6
style.css,282,css,3f44704b,Johny Nguyen,2026-05-06,19:30:23,-07:00,2026-05-06T19:30:23-07:00,1,12
style.css,283,css,3f44704b,Johny Nguyen,2026-05-06,19:30:23,-07:00,2026-05-06T19:30:23-07:00,1,37
style.css,284,css,3f44704b,Johny Nguyen,2026-05-06,19:30:23,-07:00,2026-05-06T19:30:23-07:00,1,8
style.css,285,css,3f44704b,Johny Nguyen,2026-05-06,19:30:23,-07:00,2026-05-06T19:30:23-07:00,1,12
style.css,286,css,3f44704b,Johny Nguyen,2026-05-06,19:30:23,-07:00,2026-05-06T19:30:23-07:00,1,41
style.css,287,css,3f44704b,Johny Nguyen,2026-05-06,19:30:23,-07:00,2026-05-06T19:30:23-07:00,1,27
style.css,288,css,3f44704b,Johny Nguyen,2026-05-06,19:30:23,-07:00,2026-05-06T19:30:23-07:00,1,18
style.css,289,css,3f44704b,Johny Nguyen,2026-05-06,19:30:23,-07:00,2026-05-06T19:30:23-07:00,0,0
style.css,290,css,3f44704b,Johny Nguyen,2026-05-06,19:30:23,-07:00,2026-05-06T19:30:23-07:00,0,0
style.css,291,css,3f44704b,Johny Nguyen,2026-05-06,19:30:23,-07:00,2026-05-06T19:30:23-07:00,1,25
style.css,292,css,3f44704b,Johny Nguyen,2026-05-06,19:30:23,-07:00,2026-05-06T19:30:23-07:00,1,39
style.css,293,css,3f44704b,Johny Nguyen,2026-05-06,19:30:23,-07:00,2026-05-06T19:30:23-07:00,0,0
style.css,294,css,3f44704b,Johny Nguyen,2026-05-06,19:30:23,-07:00,2026-05-06T19:30:23-07:00,0,0
style.css,295,css,3f44704b,Johny Nguyen,2026-05-06,19:30:23,-07:00,2026-05-06T19:30:23-07:00,1,1
style.css,296,css,3f44704b,Johny Nguyen,2026-05-06,19:30:23,-07:00,2026-05-06T19:30:23-07:00,2,13
style.css,297,css,3f44704b,Johny Nguyen,2026-05-06,19:30:23,-07:00,2026-05-06T19:30:23-07:00,2,8
style.css,298,css,3f44704b,Johny Nguyen,2026-05-06,19:30:23,-07:00,2026-05-06T19:30:23-07:00,2,0
style.css,299,css,3f44704b,Johny Nguyen,2026-05-06,19:30:23,-07:00,2026-05-06T19:30:23-07:00,2,16
style.css,300,css,3f44704b,Johny Nguyen,2026-05-06,19:30:23,-07:00,2026-05-06T19:30:23-07:00,1,0
style.css,301,css,3f44704b,Johny Nguyen,2026-05-06,19:30:23,-07:00,2026-05-06T19:30:23-07:00,0,0
style.css,302,css,3f44704b,Johny Nguyen,2026-05-06,19:30:23,-07:00,2026-05-06T19:30:23-07:00,1,1
style.css,303,css,3f44704b,Johny Nguyen,2026-05-06,19:30:23,-07:00,2026-05-06T19:30:23-07:00,2,13
style.css,304,css,3f44704b,Johny Nguyen,2026-05-06,19:30:23,-07:00,2026-05-06T19:30:23-07:00,2,8
style.css,305,css,3f44704b,Johny Nguyen,2026-05-06,19:30:23,-07:00,2026-05-06T19:30:23-07:00,2,16
style.css,306,css,3f44704b,Johny Nguyen,2026-05-06,19:30:23,-07:00,2026-05-06T19:30:23-07:00,0,0
style.css,307,css,3f44704b,Johny Nguyen,2026-05-06,19:30:23,-07:00,2026-05-06T19:30:23-07:00,1,0
style.css,308,css,3f44704b,Johny Nguyen,2026-05-06,19:30:23,-07:00,2026-05-06T19:30:23-07:00,0,0
style.css,309,css,3f44704b,Johny Nguyen,2026-05-06,19:30:23,-07:00,2026-05-06T19:30:23-07:00,0,0
style.css,310,css,3f44704b,Johny Nguyen,2026-05-06,19:30:23,-07:00,2026-05-06T19:30:23-07:00,0,42
style.css,311,css,3f44704b,Johny Nguyen,2026-05-06,19:30:23,-07:00,2026-05-06T19:30:23-07:00,1,9
style.css,312,css,3f44704b,Johny Nguyen,2026-05-06,19:30:23,-07:00,2026-05-06T19:30:23-07:00,1,17
style.css,313,css,3f44704b,Johny Nguyen,2026-05-06,19:30:23,-07:00,2026-05-06T19:30:23-07:00,0,0
style.css,314,css,3f44704b,Johny Nguyen,2026-05-06,19:30:23,-07:00,2026-05-06T19:30:23-07:00,0,0
style.css,315,css,3f44704b,Johny Nguyen,2026-05-06,19:30:23,-07:00,2026-05-06T19:30:23-07:00,0,0
style.css,316,css,3f44704b,Johny Nguyen,2026-05-06,19:30:23,-07:00,2026-05-06T19:30:23-07:00,0,0
style.css,317,css,3f44704b,Johny Nguyen,2026-05-06,19:30:23,-07:00,2026-05-06T19:30:23-07:00,0,7
style.css,318,css,3f44704b,Johny Nguyen,2026-05-06,19:30:23,-07:00,2026-05-06T19:30:23-07:00,1,14
style.css,319,css,3f44704b,Johny Nguyen,2026-05-06,19:30:23,-07:00,2026-05-06T19:30:23-07:00,1,7
style.css,320,css,3f44704b,Johny Nguyen,2026-05-06,19:30:23,-07:00,2026-05-06T19:30:23-07:00,1,7
style.css,321,css,3f44704b,Johny Nguyen,2026-05-06,19:30:23,-07:00,2026-05-06T19:30:23-07:00,0,0
style.css,322,css,3f44704b,Johny Nguyen,2026-05-06,19:30:23,-07:00,2026-05-06T19:30:23-07:00,0,0
style.css,323,css,3f44704b,Johny Nguyen,2026-05-06,19:30:23,-07:00,2026-05-06T19:30:23-07:00,0,0
style.css,324,css,3f44704b,Johny Nguyen,2026-05-06,19:30:23,-07:00,2026-05-06T19:30:23-07:00,0,6
style.css,325,css,3f44704b,Johny Nguyen,2026-05-06,19:30:23,-07:00,2026-05-06T19:30:23-07:00,1,16
style.css,326,css,3f44704b,Johny Nguyen,2026-05-06,19:30:23,-07:00,2026-05-06T19:30:23-07:00,1,23
style.css,327,css,3f44704b,Johny Nguyen,2026-05-06,19:30:23,-07:00,2026-05-06T19:30:23-07:00,1,22
style.css,328,css,3f44704b,Johny Nguyen,2026-05-06,19:30:23,-07:00,2026-05-06T19:30:23-07:00,0,0
style.css,329,css,3f44704b,Johny Nguyen,2026-05-06,19:30:23,-07:00,2026-05-06T19:30:23-07:00,0,0
style.css,330,css,3f44704b,Johny Nguyen,2026-05-06,19:30:23,-07:00,2026-05-06T19:30:23-07:00,0,12
style.css,331,css,3f44704b,Johny Nguyen,2026-05-06,19:30:23,-07:00,2026-05-06T19:30:23-07:00,1,20
style.css,332,css,3f44704b,Johny Nguyen,2026-05-06,19:30:23,-07:00,2026-05-06T19:30:23-07:00,0,0
style.css,333,css,3f44704b,Johny Nguyen,2026-05-06,19:30:23,-07:00,2026-05-06T19:30:23-07:00,0,0
style.css,334,css,00000000,Not Committed Yet,2026-05-06,21:17:42,-07:00,2026-05-06T21:17:42-07:00,0,12
style.css,335,css,00000000,Not Committed Yet,2026-05-06,21:17:42,-07:00,2026-05-06T21:17:42-07:00,1,12
style.css,336,css,00000000,Not Committed Yet,2026-05-06,21:17:42,-07:00,2026-05-06T21:17:42-07:00,0,0
style.css,337,css,00000000,Not Committed Yet,2026-05-06,21:17:42,-07:00,2026-05-06T21:17:42-07:00,0,0
style.css,338,css,00000000,Not Committed Yet,2026-05-06,21:17:42,-07:00,2026-05-06T21:17:42-07:00,0,24
style.css,339,css,00000000,Not Committed Yet,2026-05-06,21:17:42,-07:00,2026-05-06T21:17:42-07:00,1,2
style.css,340,css,00000000,Not Committed Yet,2026-05-06,21:17:42,-07:00,2026-05-06T21:17:42-07:00,2,32
style.css,341,css,00000000,Not Committed Yet,2026-05-06,21:17:42,-07:00,2026-05-06T21:17:42-07:00,1,0
style.css,342,css,00000000,Not Committed Yet,2026-05-06,21:17:42,-07:00,2026-05-06T21:17:42-07:00,0,0
style.css,343,css,00000000,Not Committed Yet,2026-05-06,21:17:42,-07:00,2026-05-06T21:17:42-07:00,0,0
style.css,344,css,00000000,Not Committed Yet,2026-05-06,21:17:42,-07:00,2026-05-06T21:17:42-07:00,0,10
style.css,345,css,00000000,Not Committed Yet,2026-05-06,21:17:42,-07:00,2026-05-06T21:17:42-07:00,1,16
style.css,346,css,00000000,Not Committed Yet,2026-05-06,21:17:42,-07:00,2026-05-06T21:17:42-07:00,1,12
style.css,347,css,00000000,Not Committed Yet,2026-05-06,21:17:42,-07:00,2026-05-06T21:17:42-07:00,1,18
style.css,348,css,00000000,Not Committed Yet,2026-05-06,21:17:42,-07:00,2026-05-06T21:17:42-07:00,1,20
style.css,349,css,00000000,Not Committed Yet,2026-05-06,21:17:42,-07:00,2026-05-06T21:17:42-07:00,1,42
style.css,350,css,00000000,Not Committed Yet,2026-05-06,21:17:42,-07:00,2026-05-06T21:17:42-07:00,0,0
style.css,351,css,00000000,Not Committed Yet,2026-05-06,21:17:42,-07:00,2026-05-06T21:17:42-07:00,0,0
style.css,352,css,00000000,Not Committed Yet,2026-05-06,21:17:42,-07:00,2026-05-06T21:17:42-07:00,0,7
style.css,353,css,00000000,Not Committed Yet,2026-05-06,21:17:42,-07:00,2026-05-06T21:17:42-07:00,1,9
style.css,354,css,00000000,Not Committed Yet,2026-05-06,21:17:42,-07:00,2026-05-06T21:17:42-07:00,1,18
style.css,355,css,00000000,Not Committed Yet,2026-05-06,21:17:42,-07:00,2026-05-06T21:17:42-07:00,0,0
style.css,356,css,00000000,Not Committed Yet,2026-05-06,21:17:42,-07:00,2026-05-06T21:17:42-07:00,0,0
style.css,357,css,00000000,Not Committed Yet,2026-05-06,21:17:42,-07:00,2026-05-06T21:17:42-07:00,0,5
style.css,358,css,00000000,Not Committed Yet,2026-05-06,21:17:42,-07:00,2026-05-06T21:17:42-07:00,1,12
style.css,359,css,00000000,Not Committed Yet,2026-05-06,21:17:42,-07:00,2026-05-06T21:17:42-07:00,1,1
style.css,360,css,00000000,Not Committed Yet,2026-05-06,21:17:42,-07:00,2026-05-06T21:17:42-07:00,2,12
style.css,361,css,00000000,Not Committed Yet,2026-05-06,21:17:42,-07:00,2026-05-06T21:17:42-07:00,2,37
style.css,362,css,00000000,Not Committed Yet,2026-05-06,21:17:42,-07:00,2026-05-06T21:17:42-07:00,2,10
style.css,363,css,00000000,Not Committed Yet,2026-05-06,21:17:42,-07:00,2026-05-06T21:17:42-07:00,2,14
style.css,364,css,00000000,Not Committed Yet,2026-05-06,21:17:42,-07:00,2026-05-06T21:17:42-07:00,1,0
style.css,365,css,00000000,Not Committed Yet,2026-05-06,21:17:42,-07:00,2026-05-06T21:17:42-07:00,0,0
style.css,366,css,00000000,Not Committed Yet,2026-05-06,21:17:42,-07:00,2026-05-06T21:17:42-07:00,1,1
style.css,367,css,00000000,Not Committed Yet,2026-05-06,21:17:42,-07:00,2026-05-06T21:17:42-07:00,2,10
style.css,368,css,00000000,Not Committed Yet,2026-05-06,21:17:42,-07:00,2026-05-06T21:17:42-07:00,2,8
style.css,369,css,00000000,Not Committed Yet,2026-05-06,21:17:42,-07:00,2026-05-06T21:17:42-07:00,1,0
style.css,370,css,00000000,Not Committed Yet,2026-05-06,21:17:42,-07:00,2026-05-06T21:17:42-07:00,0,0
style.css,371,css,00000000,Not Committed Yet,2026-05-06,21:17:42,-07:00,2026-05-06T21:17:42-07:00,1,1
style.css,372,css,00000000,Not Committed Yet,2026-05-06,21:17:42,-07:00,2026-05-06T21:17:42-07:00,2,10
style.css,373,css,00000000,Not Committed Yet,2026-05-06,21:17:42,-07:00,2026-05-06T21:17:42-07:00,2,14
style.css,374,css,00000000,Not Committed Yet,2026-05-06,21:17:42,-07:00,2026-05-06T21:17:42-07:00,2,16
style.css,375,css,00000000,Not Committed Yet,2026-05-06,21:17:42,-07:00,2026-05-06T21:17:42-07:00,1,0
style.css,376,css,3f44704b,Johny Nguyen,2026-05-06,19:30:23,-07:00,2026-05-06T19:30:23-07:00,0,0
style.css,377,css,00000000,Not Committed Yet,2026-05-06,21:17:42,-07:00,2026-05-06T21:17:42-07:00,0,0
index.js,1,js,fe721c52,Johny Nguyen,2026-04-24,01:00:45,-07:00,2026-04-24T01:00:45-07:00,0,70
index.js,2,js,fe721c52,Johny Nguyen,2026-04-24,01:00:45,-07:00,2026-04-24T01:00:45-07:00,0,0
index.js,3,js,d250e8d2,Johny Nguyen,2026-04-24,01:25:02,-07:00,2026-04-24T01:25:02-07:00,0,54
index.js,4,js,fe721c52,Johny Nguyen,2026-04-24,01:00:45,-07:00,2026-04-24T01:00:45-07:00,0,42
index.js,5,js,fe721c52,Johny Nguyen,2026-04-24,01:00:45,-07:00,2026-04-24T01:00:45-07:00,0,0
index.js,6,js,fe721c52,Johny Nguyen,2026-04-24,01:00:45,-07:00,2026-04-24T01:00:45-07:00,0,60
index.js,7,js,fe721c52,Johny Nguyen,2026-04-24,01:00:45,-07:00,2026-04-24T01:00:45-07:00,0,0
index.js,8,js,fe721c52,Johny Nguyen,2026-04-24,01:00:45,-07:00,2026-04-24T01:00:45-07:00,0,54
index.js,9,js,fe721c52,Johny Nguyen,2026-04-24,01:00:45,-07:00,2026-04-24T01:00:45-07:00,0,0
index.js,10,js,fe721c52,Johny Nguyen,2026-04-24,01:00:45,-07:00,2026-04-24T01:00:45-07:00,0,55
index.js,11,js,fe721c52,Johny Nguyen,2026-04-24,01:00:45,-07:00,2026-04-24T01:00:45-07:00,0,0
index.js,12,js,fe721c52,Johny Nguyen,2026-04-24,01:00:45,-07:00,2026-04-24T01:00:45-07:00,0,60
index.js,13,js,fe721c52,Johny Nguyen,2026-04-24,01:00:45,-07:00,2026-04-24T01:00:45-07:00,0,0
index.js,14,js,fe721c52,Johny Nguyen,2026-04-24,01:00:45,-07:00,2026-04-24T01:00:45-07:00,0,17
index.js,15,js,fe721c52,Johny Nguyen,2026-04-24,01:00:45,-07:00,2026-04-24T01:00:45-07:00,1,24
index.js,16,js,fe721c52,Johny Nguyen,2026-04-24,01:00:45,-07:00,2026-04-24T01:00:45-07:00,4,38
index.js,17,js,fe721c52,Johny Nguyen,2026-04-24,01:00:45,-07:00,2026-04-24T01:00:45-07:00,4,2
index.js,18,js,fe721c52,Johny Nguyen,2026-04-24,01:00:45,-07:00,2026-04-24T01:00:45-07:00,5,54
index.js,19,js,fe721c52,Johny Nguyen,2026-04-24,01:00:45,-07:00,2026-04-24T01:00:45-07:00,5,54
index.js,20,js,fe721c52,Johny Nguyen,2026-04-24,01:00:45,-07:00,2026-04-24T01:00:45-07:00,5,48
index.js,21,js,fe721c52,Johny Nguyen,2026-04-24,01:00:45,-07:00,2026-04-24T01:00:45-07:00,5,48
index.js,22,js,fe721c52,Johny Nguyen,2026-04-24,01:00:45,-07:00,2026-04-24T01:00:45-07:00,4,3
index.js,23,js,fe721c52,Johny Nguyen,2026-04-24,01:00:45,-07:00,2026-04-24T01:00:45-07:00,2,0
index.js,24,js,fe721c52,Johny Nguyen,2026-04-24,01:00:45,-07:00,2026-04-24T01:00:45-07:00,0,0
index.html,1,html,98bdc5fb,Johny Nguyen,2026-04-02,00:44:34,-07:00,2026-04-02T00:44:34-07:00,0,13
index.html,2,html,98bdc5fb,Johny Nguyen,2026-04-02,00:44:34,-07:00,2026-04-02T00:44:34-07:00,0,14
index.html,3,html,98bdc5fb,Johny Nguyen,2026-04-02,00:44:34,-07:00,2026-04-02T00:44:34-07:00,0,4
index.html,4,html,98bdc5fb,Johny Nguyen,2026-04-02,00:44:34,-07:00,2026-04-02T00:44:34-07:00,2,20
index.html,5,html,98bdc5fb,Johny Nguyen,2026-04-02,00:44:34,-07:00,2026-04-02T00:44:34-07:00,2,68
index.html,6,html,98bdc5fb,Johny Nguyen,2026-04-02,00:44:34,-07:00,2026-04-02T00:44:34-07:00,2,54
index.html,7,html,503facf6,Johny Nguyen,2026-04-02,01:03:38,-07:00,2026-04-02T01:03:38-07:00,2,42
index.html,8,html,57955961,Johny Nguyen,2026-04-17,21:43:55,-07:00,2026-04-17T21:43:55-07:00,2,45
index.html,9,html,fe721c52,Johny Nguyen,2026-04-24,01:00:45,-07:00,2026-04-24T01:00:45-07:00,2,50
index.html,10,html,9153d06b,Johny Nguyen,2026-04-17,01:41:31,-07:00,2026-04-17T01:41:31-07:00,0,0
index.html,11,html,9153d06b,Johny Nguyen,2026-04-17,01:41:31,-07:00,2026-04-17T01:41:31-07:00,0,0
index.html,12,html,98bdc5fb,Johny Nguyen,2026-04-02,00:44:34,-07:00,2026-04-02T00:44:34-07:00,0,5
index.html,13,html,68bd0b88,Johny Nguyen,2026-04-02,20:21:43,-07:00,2026-04-02T20:21:43-07:00,0,0
index.html,14,html,4235b5be,Johny Nguyen,2026-04-10,02:21:50,-07:00,2026-04-10T02:21:50-07:00,0,4
index.html,15,html,9153d06b,Johny Nguyen,2026-04-17,01:41:31,-07:00,2026-04-17T01:41:31-07:00,2,8
index.html,16,html,68bd0b88,Johny Nguyen,2026-04-02,20:21:43,-07:00,2026-04-02T20:21:43-07:00,4,2
index.html,17,html,9153d06b,Johny Nguyen,2026-04-17,01:41:31,-07:00,2026-04-17T01:41:31-07:00,6,37
index.html,18,html,9b8d7d64,Johny Nguyen,2026-04-02,20:56:53,-07:00,2026-04-02T20:56:53-07:00,6,49
index.html,19,html,9b8d7d64,Johny Nguyen,2026-04-02,20:56:53,-07:00,2026-04-02T20:56:53-07:00,6,47
index.html,20,html,31f341e6,Johny Nguyen,2026-04-02,20:44:34,-07:00,2026-04-02T20:44:34-07:00,6,81
index.html,21,html,e414e0ec,Johny Nguyen,2026-04-02,21:53:21,-07:00,2026-04-02T21:53:21-07:00,6,39
index.html,22,html,e414e0ec,Johny Nguyen,2026-04-02,21:53:21,-07:00,2026-04-02T21:53:21-07:00,0,0
index.html,23,html,68bd0b88,Johny Nguyen,2026-04-02,20:21:43,-07:00,2026-04-02T20:21:43-07:00,4,3
index.html,24,html,9153d06b,Johny Nguyen,2026-04-17,01:41:31,-07:00,2026-04-17T01:41:31-07:00,2,8
index.html,25,html,68bd0b88,Johny Nguyen,2026-04-02,20:21:43,-07:00,2026-04-02T20:21:43-07:00,2,0
index.html,26,html,4235b5be,Johny Nguyen,2026-04-10,02:21:50,-07:00,2026-04-10T02:21:50-07:00,2,19
index.html,27,html,4235b5be,Johny Nguyen,2026-04-10,02:21:50,-07:00,2026-04-10T02:21:50-07:00,2,49
index.html,28,html,4235b5be,Johny Nguyen,2026-04-10,02:21:50,-07:00,2026-04-10T02:21:50-07:00,0,0
index.html,29,html,4235b5be,Johny Nguyen,2026-04-10,02:21:50,-07:00,2026-04-10T02:21:50-07:00,1,0
index.html,30,html,4235b5be,Johny Nguyen,2026-04-10,02:21:50,-07:00,2026-04-10T02:21:50-07:00,0,0
index.html,31,html,4235b5be,Johny Nguyen,2026-04-10,02:21:50,-07:00,2026-04-10T02:21:50-07:00,2,175
index.html,32,html,4235b5be,Johny Nguyen,2026-04-10,02:21:50,-07:00,2026-04-10T02:21:50-07:00,0,0
index.html,33,html,fe721c52,Johny Nguyen,2026-04-24,01:00:45,-07:00,2026-04-24T01:00:45-07:00,2,22
index.html,34,html,fe721c52,Johny Nguyen,2026-04-24,01:00:45,-07:00,2026-04-24T01:00:45-07:00,2,20
index.html,35,html,fe721c52,Johny Nguyen,2026-04-24,01:00:45,-07:00,2026-04-24T01:00:45-07:00,0,0
index.html,36,html,fe721c52,Johny Nguyen,2026-04-24,01:00:45,-07:00,2026-04-24T01:00:45-07:00,2,4
index.html,37,html,fe721c52,Johny Nguyen,2026-04-24,01:00:45,-07:00,2026-04-24T01:00:45-07:00,0,0
index.html,38,html,fe721c52,Johny Nguyen,2026-04-24,01:00:45,-07:00,2026-04-24T01:00:45-07:00,2,23
index.html,39,html,fe721c52,Johny Nguyen,2026-04-24,01:00:45,-07:00,2026-04-24T01:00:45-07:00,2,0
index.html,40,html,fe721c52,Johny Nguyen,2026-04-24,01:00:45,-07:00,2026-04-24T01:00:45-07:00,2,3
index.html,41,html,98bdc5fb,Johny Nguyen,2026-04-02,00:44:34,-07:00,2026-04-02T00:44:34-07:00,0,5
index.html,42,html,98bdc5fb,Johny Nguyen,2026-04-02,00:44:34,-07:00,2026-04-02T00:44:34-07:00,0,5
global.js,1,js,9153d06b,Johny Nguyen,2026-04-17,01:41:31,-07:00,2026-04-17T01:41:31-07:00,0,0
global.js,2,js,9153d06b,Johny Nguyen,2026-04-17,01:41:31,-07:00,2026-04-17T01:41:31-07:00,0,0
global.js,3,js,9153d06b,Johny Nguyen,2026-04-17,01:41:31,-07:00,2026-04-17T01:41:31-07:00,0,25
global.js,4,js,9153d06b,Johny Nguyen,2026-04-17,01:41:31,-07:00,2026-04-17T01:41:31-07:00,0,0
global.js,5,js,9153d06b,Johny Nguyen,2026-04-17,01:41:31,-07:00,2026-04-17T01:41:31-07:00,0,0
global.js,6,js,9153d06b,Johny Nguyen,2026-04-17,01:41:31,-07:00,2026-04-17T01:41:31-07:00,0,41
global.js,7,js,9153d06b,Johny Nguyen,2026-04-17,01:41:31,-07:00,2026-04-17T01:41:31-07:00,1,52
global.js,8,js,9153d06b,Johny Nguyen,2026-04-17,01:41:31,-07:00,2026-04-17T01:41:31-07:00,0,0
global.js,9,js,9153d06b,Johny Nguyen,2026-04-17,01:41:31,-07:00,2026-04-17T01:41:31-07:00,0,0
global.js,10,js,9153d06b,Johny Nguyen,2026-04-17,01:41:31,-07:00,2026-04-17T01:41:31-07:00,0,23
global.js,11,js,9153d06b,Johny Nguyen,2026-04-17,01:41:31,-07:00,2026-04-17T01:41:31-07:00,0,0
global.js,12,js,9153d06b,Johny Nguyen,2026-04-17,01:41:31,-07:00,2026-04-17T01:41:31-07:00,0,33
global.js,13,js,9153d06b,Johny Nguyen,2026-04-17,01:41:31,-07:00,2026-04-17T01:41:31-07:00,0,71
global.js,14,js,9153d06b,Johny Nguyen,2026-04-17,01:41:31,-07:00,2026-04-17T01:41:31-07:00,0,3
global.js,15,js,9153d06b,Johny Nguyen,2026-04-17,01:41:31,-07:00,2026-04-17T01:41:31-07:00,0,0
global.js,16,js,9153d06b,Johny Nguyen,2026-04-17,01:41:31,-07:00,2026-04-17T01:41:31-07:00,0,39
global.js,17,js,9153d06b,Johny Nguyen,2026-04-17,01:41:31,-07:00,2026-04-17T01:41:31-07:00,0,0
global.js,18,js,9153d06b,Johny Nguyen,2026-04-17,01:41:31,-07:00,2026-04-17T01:41:31-07:00,0,11
global.js,19,js,9153d06b,Johny Nguyen,2026-04-17,01:41:31,-07:00,2026-04-17T01:41:31-07:00,1,25
global.js,20,js,6d4583e9,Johny Nguyen,2026-04-17,21:21:13,-07:00,2026-04-17T21:21:13-07:00,1,38
global.js,21,js,6d4583e9,Johny Nguyen,2026-04-17,21:21:13,-07:00,2026-04-17T21:21:13-07:00,1,37
global.js,22,js,9153d06b,Johny Nguyen,2026-04-17,01:41:31,-07:00,2026-04-17T01:41:31-07:00,1,58
global.js,23,js,6d4583e9,Johny Nguyen,2026-04-17,21:21:13,-07:00,2026-04-17T21:21:13-07:00,1,26
global.js,24,js,c16f737a,Johny Nguyen,2026-05-06,01:14:58,-07:00,2026-05-06T01:14:58-07:00,1,29
global.js,25,js,9153d06b,Johny Nguyen,2026-04-17,01:41:31,-07:00,2026-04-17T01:41:31-07:00,0,0
global.js,26,js,9153d06b,Johny Nguyen,2026-04-17,01:41:31,-07:00,2026-04-17T01:41:31-07:00,0,0
global.js,27,js,9153d06b,Johny Nguyen,2026-04-17,01:41:31,-07:00,2026-04-17T01:41:31-07:00,0,38
global.js,28,js,9153d06b,Johny Nguyen,2026-04-17,01:41:31,-07:00,2026-04-17T01:41:31-07:00,0,25
global.js,29,js,9153d06b,Johny Nguyen,2026-04-17,01:41:31,-07:00,2026-04-17T01:41:31-07:00,0,0
global.js,30,js,9153d06b,Johny Nguyen,2026-04-17,01:41:31,-07:00,2026-04-17T01:41:31-07:00,0,20
global.js,31,js,9153d06b,Johny Nguyen,2026-04-17,01:41:31,-07:00,2026-04-17T01:41:31-07:00,1,14
global.js,32,js,9153d06b,Johny Nguyen,2026-04-17,01:41:31,-07:00,2026-04-17T01:41:31-07:00,1,18
global.js,33,js,9153d06b,Johny Nguyen,2026-04-17,01:41:31,-07:00,2026-04-17T01:41:31-07:00,1,41
global.js,34,js,4fb7489b,Johny Nguyen,2026-04-17,21:38:44,-07:00,2026-04-17T21:38:44-07:00,1,0
global.js,35,js,9153d06b,Johny Nguyen,2026-04-17,01:41:31,-07:00,2026-04-17T01:41:31-07:00,1,88
global.js,36,js,9153d06b,Johny Nguyen,2026-04-17,01:41:31,-07:00,2026-04-17T01:41:31-07:00,1,36
global.js,37,js,57955961,Johny Nguyen,2026-04-17,21:43:55,-07:00,2026-04-17T21:43:55-07:00,1,55
global.js,38,js,9153d06b,Johny Nguyen,2026-04-17,01:41:31,-07:00,2026-04-17T01:41:31-07:00,0,0
global.js,39,js,9153d06b,Johny Nguyen,2026-04-17,01:41:31,-07:00,2026-04-17T01:41:31-07:00,1,52
global.js,40,js,9153d06b,Johny Nguyen,2026-04-17,01:41:31,-07:00,2026-04-17T01:41:31-07:00,0,0
global.js,41,js,9153d06b,Johny Nguyen,2026-04-17,01:41:31,-07:00,2026-04-17T01:41:31-07:00,1,34
global.js,42,js,9153d06b,Johny Nguyen,2026-04-17,01:41:31,-07:00,2026-04-17T01:41:31-07:00,1,11
global.js,43,js,9153d06b,Johny Nguyen,2026-04-17,01:41:31,-07:00,2026-04-17T01:41:31-07:00,1,20
global.js,44,js,9153d06b,Johny Nguyen,2026-04-17,01:41:31,-07:00,2026-04-17T01:41:31-07:00,1,12
global.js,45,js,9153d06b,Johny Nguyen,2026-04-17,01:41:31,-07:00,2026-04-17T01:41:31-07:00,0,0
global.js,46,js,9153d06b,Johny Nguyen,2026-04-17,01:41:31,-07:00,2026-04-17T01:41:31-07:00,1,17
global.js,47,js,9153d06b,Johny Nguyen,2026-04-17,01:41:31,-07:00,2026-04-17T01:41:31-07:00,2,8
global.js,48,js,9153d06b,Johny Nguyen,2026-04-17,01:41:31,-07:00,2026-04-17T01:41:31-07:00,2,59
global.js,49,js,9153d06b,Johny Nguyen,2026-04-17,01:41:31,-07:00,2026-04-17T01:41:31-07:00,1,0
global.js,50,js,9153d06b,Johny Nguyen,2026-04-17,01:41:31,-07:00,2026-04-17T01:41:31-07:00,0,0
global.js,51,js,9153d06b,Johny Nguyen,2026-04-17,01:41:31,-07:00,2026-04-17T01:41:31-07:00,1,29
global.js,52,js,9153d06b,Johny Nguyen,2026-04-17,01:41:31,-07:00,2026-04-17T01:41:31-07:00,2,18
global.js,53,js,9153d06b,Johny Nguyen,2026-04-17,01:41:31,-07:00,2026-04-17T01:41:31-07:00,1,0
global.js,54,js,9153d06b,Johny Nguyen,2026-04-17,01:41:31,-07:00,2026-04-17T01:41:31-07:00,0,0
global.js,55,js,9153d06b,Johny Nguyen,2026-04-17,01:41:31,-07:00,2026-04-17T01:41:31-07:00,0,0
global.js,56,js,9153d06b,Johny Nguyen,2026-04-17,01:41:31,-07:00,2026-04-17T01:41:31-07:00,0,0
global.js,57,js,9153d06b,Johny Nguyen,2026-04-17,01:41:31,-07:00,2026-04-17T01:41:31-07:00,0,31
global.js,58,js,9153d06b,Johny Nguyen,2026-04-17,01:41:31,-07:00,2026-04-17T01:41:31-07:00,1,11
global.js,59,js,9153d06b,Johny Nguyen,2026-04-17,01:41:31,-07:00,2026-04-17T01:41:31-07:00,1,0
global.js,60,js,9153d06b,Johny Nguyen,2026-04-17,01:41:31,-07:00,2026-04-17T01:41:31-07:00,0,26
global.js,61,js,9153d06b,Johny Nguyen,2026-04-17,01:41:31,-07:00,2026-04-17T01:41:31-07:00,0,4
global.js,62,js,9153d06b,Johny Nguyen,2026-04-17,01:41:31,-07:00,2026-04-17T01:41:31-07:00,0,6
global.js,63,js,9153d06b,Johny Nguyen,2026-04-17,01:41:31,-07:00,2026-04-17T01:41:31-07:00,0,38
global.js,64,js,9153d06b,Johny Nguyen,2026-04-17,01:41:31,-07:00,2026-04-17T01:41:31-07:00,3,47
global.js,65,js,9153d06b,Johny Nguyen,2026-04-17,01:41:31,-07:00,2026-04-17T01:41:31-07:00,3,34
global.js,66,js,9153d06b,Johny Nguyen,2026-04-17,01:41:31,-07:00,2026-04-17T01:41:31-07:00,3,36
global.js,67,js,9153d06b,Johny Nguyen,2026-04-17,01:41:31,-07:00,2026-04-17T01:41:31-07:00,0,7
global.js,68,js,9153d06b,Johny Nguyen,2026-04-17,01:41:31,-07:00,2026-04-17T01:41:31-07:00,0,8
global.js,69,js,9153d06b,Johny Nguyen,2026-04-17,01:41:31,-07:00,2026-04-17T01:41:31-07:00,0,0
global.js,70,js,9153d06b,Johny Nguyen,2026-04-17,01:41:31,-07:00,2026-04-17T01:41:31-07:00,0,0
global.js,71,js,9153d06b,Johny Nguyen,2026-04-17,01:41:31,-07:00,2026-04-17T01:41:31-07:00,0,44
global.js,72,js,9153d06b,Johny Nguyen,2026-04-17,01:41:31,-07:00,2026-04-17T01:41:31-07:00,0,0
global.js,73,js,9153d06b,Johny Nguyen,2026-04-17,01:41:31,-07:00,2026-04-17T01:41:31-07:00,0,49
global.js,74,js,9153d06b,Johny Nguyen,2026-04-17,01:41:31,-07:00,2026-04-17T01:41:31-07:00,1,57
global.js,75,js,9153d06b,Johny Nguyen,2026-04-17,01:41:31,-07:00,2026-04-17T01:41:31-07:00,1,77
global.js,76,js,9153d06b,Johny Nguyen,2026-04-17,01:41:31,-07:00,2026-04-17T01:41:31-07:00,1,44
global.js,77,js,9153d06b,Johny Nguyen,2026-04-17,01:41:31,-07:00,2026-04-17T01:41:31-07:00,0,1
global.js,78,js,9153d06b,Johny Nguyen,2026-04-17,01:41:31,-07:00,2026-04-17T01:41:31-07:00,0,0
global.js,79,js,9153d06b,Johny Nguyen,2026-04-17,01:41:31,-07:00,2026-04-17T01:41:31-07:00,0,33
global.js,80,js,9153d06b,Johny Nguyen,2026-04-17,01:41:31,-07:00,2026-04-17T01:41:31-07:00,1,42
global.js,81,js,9153d06b,Johny Nguyen,2026-04-17,01:41:31,-07:00,2026-04-17T01:41:31-07:00,1,71
global.js,82,js,9153d06b,Johny Nguyen,2026-04-17,01:41:31,-07:00,2026-04-17T01:41:31-07:00,1,26
global.js,83,js,9153d06b,Johny Nguyen,2026-04-17,01:41:31,-07:00,2026-04-17T01:41:31-07:00,0,0
global.js,84,js,d1076aed,Johny Nguyen,2026-04-17,18:48:36,-07:00,2026-04-17T18:48:36-07:00,0,0
global.js,85,js,3aba5f4f,Johny Nguyen,2026-04-17,21:45:18,-07:00,2026-04-17T21:45:18-07:00,0,40
global.js,86,js,3aba5f4f,Johny Nguyen,2026-04-17,21:45:18,-07:00,2026-04-17T21:45:18-07:00,0,0
global.js,87,js,3aba5f4f,Johny Nguyen,2026-04-17,21:45:18,-07:00,2026-04-17T21:45:18-07:00,0,48
global.js,88,js,3aba5f4f,Johny Nguyen,2026-04-17,21:45:18,-07:00,2026-04-17T21:45:18-07:00,1,21
global.js,89,js,3aba5f4f,Johny Nguyen,2026-04-17,21:45:18,-07:00,2026-04-17T21:45:18-07:00,1,28
global.js,90,js,3aba5f4f,Johny Nguyen,2026-04-17,21:45:18,-07:00,2026-04-17T21:45:18-07:00,1,31
global.js,91,js,3aba5f4f,Johny Nguyen,2026-04-17,21:45:18,-07:00,2026-04-17T21:45:18-07:00,1,31
global.js,92,js,3aba5f4f,Johny Nguyen,2026-04-17,21:45:18,-07:00,2026-04-17T21:45:18-07:00,2,43
global.js,93,js,3aba5f4f,Johny Nguyen,2026-04-17,21:45:18,-07:00,2026-04-17T21:45:18-07:00,1,0
global.js,94,js,3aba5f4f,Johny Nguyen,2026-04-17,21:45:18,-07:00,2026-04-17T21:45:18-07:00,1,21
global.js,95,js,3aba5f4f,Johny Nguyen,2026-04-17,21:45:18,-07:00,2026-04-17T21:45:18-07:00,0,0
global.js,96,js,f5d3b34b,Johny Nguyen,2026-04-23,23:07:11,-07:00,2026-04-23T23:07:11-07:00,0,1
global.js,97,js,f5d3b34b,Johny Nguyen,2026-04-23,23:07:11,-07:00,2026-04-23T23:07:11-07:00,0,0
global.js,98,js,f5d3b34b,Johny Nguyen,2026-04-23,23:07:11,-07:00,2026-04-23T23:07:11-07:00,0,5
global.js,99,js,f5d3b34b,Johny Nguyen,2026-04-23,23:07:11,-07:00,2026-04-23T23:07:11-07:00,0,36
global.js,100,js,f5d3b34b,Johny Nguyen,2026-04-23,23:07:11,-07:00,2026-04-23T23:07:11-07:00,1,3
global.js,101,js,f5d3b34b,Johny Nguyen,2026-04-23,23:07:11,-07:00,2026-04-23T23:07:11-07:00,2,39
global.js,102,js,f5d3b34b,Johny Nguyen,2026-04-23,23:07:11,-07:00,2026-04-23T23:07:11-07:00,2,32
global.js,103,js,f5d3b34b,Johny Nguyen,2026-04-23,23:07:11,-07:00,2026-04-23T23:07:11-07:00,2,17
global.js,104,js,f5d3b34b,Johny Nguyen,2026-04-23,23:07:11,-07:00,2026-04-23T23:07:11-07:00,3,66
global.js,105,js,f5d3b34b,Johny Nguyen,2026-04-23,23:07:11,-07:00,2026-04-23T23:07:11-07:00,2,0
global.js,106,js,f5d3b34b,Johny Nguyen,2026-04-23,23:07:11,-07:00,2026-04-23T23:07:11-07:00,2,33
global.js,107,js,f5d3b34b,Johny Nguyen,2026-04-23,23:07:11,-07:00,2026-04-23T23:07:11-07:00,2,10
global.js,108,js,f5d3b34b,Johny Nguyen,2026-04-23,23:07:11,-07:00,2026-04-23T23:07:11-07:00,0,0
global.js,109,js,f5d3b34b,Johny Nguyen,2026-04-23,23:07:11,-07:00,2026-04-23T23:07:11-07:00,0,0
global.js,110,js,f5d3b34b,Johny Nguyen,2026-04-23,23:07:11,-07:00,2026-04-23T23:07:11-07:00,1,15
global.js,111,js,f5d3b34b,Johny Nguyen,2026-04-23,23:07:11,-07:00,2026-04-23T23:07:11-07:00,2,59
global.js,112,js,f5d3b34b,Johny Nguyen,2026-04-23,23:07:11,-07:00,2026-04-23T23:07:11-07:00,1,0
global.js,113,js,f5d3b34b,Johny Nguyen,2026-04-23,23:07:11,-07:00,2026-04-23T23:07:11-07:00,0,0
global.js,114,js,f5d3b34b,Johny Nguyen,2026-04-23,23:07:11,-07:00,2026-04-23T23:07:11-07:00,0,0
global.js,115,js,f5d3b34b,Johny Nguyen,2026-04-23,23:07:11,-07:00,2026-04-23T23:07:11-07:00,0,78
global.js,116,js,f5d3b34b,Johny Nguyen,2026-04-23,23:07:11,-07:00,2026-04-23T23:07:11-07:00,0,0
global.js,117,js,f5d3b34b,Johny Nguyen,2026-04-23,23:07:11,-07:00,2026-04-23T23:07:11-07:00,1,67
global.js,118,js,f5d3b34b,Johny Nguyen,2026-04-23,23:07:11,-07:00,2026-04-23T23:07:11-07:00,1,21
global.js,119,js,f5d3b34b,Johny Nguyen,2026-04-23,23:07:11,-07:00,2026-04-23T23:07:11-07:00,2,47
global.js,120,js,f5d3b34b,Johny Nguyen,2026-04-23,23:07:11,-07:00,2026-04-23T23:07:11-07:00,1,0
global.js,121,js,f5d3b34b,Johny Nguyen,2026-04-23,23:07:11,-07:00,2026-04-23T23:07:11-07:00,0,0
global.js,122,js,f5d3b34b,Johny Nguyen,2026-04-23,23:07:11,-07:00,2026-04-23T23:07:11-07:00,1,47
global.js,123,js,f5d3b34b,Johny Nguyen,2026-04-23,23:07:11,-07:00,2026-04-23T23:07:11-07:00,2,63
global.js,124,js,f5d3b34b,Johny Nguyen,2026-04-23,23:07:11,-07:00,2026-04-23T23:07:11-07:00,1,0
global.js,125,js,f5d3b34b,Johny Nguyen,2026-04-23,23:07:11,-07:00,2026-04-23T23:07:11-07:00,0,0
global.js,126,js,f5d3b34b,Johny Nguyen,2026-04-23,23:07:11,-07:00,2026-04-23T23:07:11-07:00,1,40
global.js,127,js,f5d3b34b,Johny Nguyen,2026-04-23,23:07:11,-07:00,2026-04-23T23:07:11-07:00,1,54
global.js,128,js,f5d3b34b,Johny Nguyen,2026-04-23,23:07:11,-07:00,2026-04-23T23:07:11-07:00,2,60
global.js,129,js,f5d3b34b,Johny Nguyen,2026-04-23,23:07:11,-07:00,2026-04-23T23:07:11-07:00,2,5
global.js,130,js,f5d3b34b,Johny Nguyen,2026-04-23,23:07:11,-07:00,2026-04-23T23:07:11-07:00,1,0
global.js,131,js,f5d3b34b,Johny Nguyen,2026-04-23,23:07:11,-07:00,2026-04-23T23:07:11-07:00,0,0
global.js,132,js,f5d3b34b,Johny Nguyen,2026-04-23,23:07:11,-07:00,2026-04-23T23:07:11-07:00,1,55
global.js,133,js,f5d3b34b,Johny Nguyen,2026-04-23,23:07:11,-07:00,2026-04-23T23:07:11-07:00,1,40
global.js,134,js,f5d3b34b,Johny Nguyen,2026-04-23,23:07:11,-07:00,2026-04-23T23:07:11-07:00,2,61
global.js,135,js,f5d3b34b,Johny Nguyen,2026-04-23,23:07:11,-07:00,2026-04-23T23:07:11-07:00,1,0
global.js,136,js,f5d3b34b,Johny Nguyen,2026-04-23,23:07:11,-07:00,2026-04-23T23:07:11-07:00,1,30
global.js,137,js,f5d3b34b,Johny Nguyen,2026-04-23,23:07:11,-07:00,2026-04-23T23:07:11-07:00,1,28
global.js,138,js,f5d3b34b,Johny Nguyen,2026-04-23,23:07:11,-07:00,2026-04-23T23:07:11-07:00,1,28
global.js,139,js,f5d3b34b,Johny Nguyen,2026-04-23,23:07:11,-07:00,2026-04-23T23:07:11-07:00,2,48
global.js,140,js,f5d3b34b,Johny Nguyen,2026-04-23,23:07:11,-07:00,2026-04-23T23:07:11-07:00,2,19
global.js,141,js,f5d3b34b,Johny Nguyen,2026-04-23,23:07:11,-07:00,2026-04-23T23:07:11-07:00,2,49
global.js,142,js,fc9a23a2,Johny Nguyen,2026-04-24,03:30:26,-07:00,2026-04-24T03:30:26-07:00,2,127
global.js,143,js,9169a183,Johny Nguyen,2026-05-01,02:18:20,-07:00,2026-05-01T02:18:20-07:00,2,33
global.js,144,js,9169a183,Johny Nguyen,2026-05-01,02:18:20,-07:00,2026-05-01T02:18:20-07:00,3,27
global.js,145,js,9169a183,Johny Nguyen,2026-05-01,02:18:20,-07:00,2026-05-01T02:18:20-07:00,3,38
global.js,146,js,9169a183,Johny Nguyen,2026-05-01,02:18:20,-07:00,2026-05-01T02:18:20-07:00,2,6
global.js,147,js,9169a183,Johny Nguyen,2026-05-01,02:18:20,-07:00,2026-05-01T02:18:20-07:00,2,0
global.js,148,js,f5d3b34b,Johny Nguyen,2026-04-23,23:07:11,-07:00,2026-04-23T23:07:11-07:00,0,0
global.js,149,js,f5d3b34b,Johny Nguyen,2026-04-23,23:07:11,-07:00,2026-04-23T23:07:11-07:00,2,36
global.js,150,js,f5d3b34b,Johny Nguyen,2026-04-23,23:07:11,-07:00,2026-04-23T23:07:11-07:00,1,0
global.js,151,js,fe721c52,Johny Nguyen,2026-04-24,01:00:45,-07:00,2026-04-24T01:00:45-07:00,0,0
global.js,152,js,fe721c52,Johny Nguyen,2026-04-24,01:00:45,-07:00,2026-04-24T01:00:45-07:00,0,0
global.js,153,js,fe721c52,Johny Nguyen,2026-04-24,01:00:45,-07:00,2026-04-24T01:00:45-07:00,0,10
global.js,154,js,fe721c52,Johny Nguyen,2026-04-24,01:00:45,-07:00,2026-04-24T01:00:45-07:00,0,47
global.js,155,js,fe721c52,Johny Nguyen,2026-04-24,01:00:45,-07:00,2026-04-24T01:00:45-07:00,1,59
global.js,156,js,f5d3b34b,Johny Nguyen,2026-04-23,23:07:11,-07:00,2026-04-23T23:07:11-07:00,0,0
projects\projects.js,1,js,f5d3b34b,Johny Nguyen,2026-04-23,23:07:11,-07:00,2026-04-23T23:07:11-07:00,0,55
projects\projects.js,2,js,1bc131fe,Johny Nguyen,2026-05-02,03:00:28,-07:00,2026-05-02T03:00:28-07:00,0,63
projects\projects.js,3,js,1bc131fe,Johny Nguyen,2026-05-02,03:00:28,-07:00,2026-05-02T03:00:28-07:00,0,0
projects\projects.js,4,js,1bc131fe,Johny Nguyen,2026-05-02,03:00:28,-07:00,2026-05-02T03:00:28-07:00,0,0
projects\projects.js,5,js,f5d3b34b,Johny Nguyen,2026-04-23,23:07:11,-07:00,2026-04-23T23:07:11-07:00,0,0
projects\projects.js,6,js,3ea27731,Johny Nguyen,2026-04-24,01:18:59,-07:00,2026-04-24T01:18:59-07:00,0,55
projects\projects.js,7,js,f5d3b34b,Johny Nguyen,2026-04-23,23:07:11,-07:00,2026-04-23T23:07:11-07:00,0,60
projects\projects.js,8,js,f5d3b34b,Johny Nguyen,2026-04-23,23:07:11,-07:00,2026-04-23T23:07:11-07:00,0,0
projects\projects.js,9,js,f5d3b34b,Johny Nguyen,2026-04-23,23:07:11,-07:00,2026-04-23T23:07:11-07:00,0,62
projects\projects.js,10,js,f5d3b34b,Johny Nguyen,2026-04-23,23:07:11,-07:00,2026-04-23T23:07:11-07:00,0,0
projects\projects.js,11,js,f5d3b34b,Johny Nguyen,2026-04-23,23:07:11,-07:00,2026-04-23T23:07:11-07:00,0,0
projects\projects.js,12,js,f5d3b34b,Johny Nguyen,2026-04-23,23:07:11,-07:00,2026-04-23T23:07:11-07:00,0,48
projects\projects.js,13,js,f5d3b34b,Johny Nguyen,2026-04-23,23:07:11,-07:00,2026-04-23T23:07:11-07:00,0,0
projects\projects.js,14,js,f5d3b34b,Johny Nguyen,2026-04-23,23:07:11,-07:00,2026-04-23T23:07:11-07:00,0,18
projects\projects.js,15,js,f5d3b34b,Johny Nguyen,2026-04-23,23:07:11,-07:00,2026-04-23T23:07:11-07:00,1,56
projects\projects.js,16,js,f5d3b34b,Johny Nguyen,2026-04-23,23:07:11,-07:00,2026-04-23T23:07:11-07:00,0,0
projects\projects.js,17,js,f5d3b34b,Johny Nguyen,2026-04-23,23:07:11,-07:00,2026-04-23T23:07:11-07:00,0,0
projects\projects.js,18,js,1bc131fe,Johny Nguyen,2026-05-02,03:00:28,-07:00,2026-05-02T03:00:28-07:00,0,57
projects\projects.js,19,js,1bc131fe,Johny Nguyen,2026-05-02,03:00:28,-07:00,2026-05-02T03:00:28-07:00,0,0
projects\projects.js,20,js,1bc131fe,Johny Nguyen,2026-05-02,03:00:28,-07:00,2026-05-02T03:00:28-07:00,0,25
projects\projects.js,21,js,1bc131fe,Johny Nguyen,2026-05-02,03:00:28,-07:00,2026-05-02T03:00:28-07:00,0,17
projects\projects.js,22,js,1bc131fe,Johny Nguyen,2026-05-02,03:00:28,-07:00,2026-05-02T03:00:28-07:00,0,25
projects\projects.js,23,js,1bc131fe,Johny Nguyen,2026-05-02,03:00:28,-07:00,2026-05-02T03:00:28-07:00,0,4
projects\projects.js,24,js,1bc131fe,Johny Nguyen,2026-05-02,03:00:28,-07:00,2026-05-02T03:00:28-07:00,0,0
projects\projects.js,25,js,1bc131fe,Johny Nguyen,2026-05-02,03:00:28,-07:00,2026-05-02T03:00:28-07:00,0,68
projects\projects.js,26,js,1bc131fe,Johny Nguyen,2026-05-02,03:00:28,-07:00,2026-05-02T03:00:28-07:00,0,0
projects\projects.js,27,js,1bc131fe,Johny Nguyen,2026-05-02,03:00:28,-07:00,2026-05-02T03:00:28-07:00,0,13
projects\projects.js,28,js,1bc131fe,Johny Nguyen,2026-05-02,03:00:28,-07:00,2026-05-02T03:00:28-07:00,0,33
projects\projects.js,29,js,1bc131fe,Johny Nguyen,2026-05-02,03:00:28,-07:00,2026-05-02T03:00:28-07:00,0,34
projects\projects.js,30,js,1bc131fe,Johny Nguyen,2026-05-02,03:00:28,-07:00,2026-05-02T03:00:28-07:00,0,33
projects\projects.js,31,js,1bc131fe,Johny Nguyen,2026-05-02,03:00:28,-07:00,2026-05-02T03:00:28-07:00,0,32
projects\projects.js,32,js,1bc131fe,Johny Nguyen,2026-05-02,03:00:28,-07:00,2026-05-02T03:00:28-07:00,0,32
projects\projects.js,33,js,1bc131fe,Johny Nguyen,2026-05-02,03:00:28,-07:00,2026-05-02T03:00:28-07:00,0,35
projects\projects.js,34,js,1bc131fe,Johny Nguyen,2026-05-02,03:00:28,-07:00,2026-05-02T03:00:28-07:00,0,3
projects\projects.js,35,js,1bc131fe,Johny Nguyen,2026-05-02,03:00:28,-07:00,2026-05-02T03:00:28-07:00,0,0
projects\projects.js,36,js,1bc131fe,Johny Nguyen,2026-05-02,03:00:28,-07:00,2026-05-02T03:00:28-07:00,0,0
projects\projects.js,37,js,1bc131fe,Johny Nguyen,2026-05-02,03:00:28,-07:00,2026-05-02T03:00:28-07:00,0,22
projects\projects.js,38,js,1bc131fe,Johny Nguyen,2026-05-02,03:00:28,-07:00,2026-05-02T03:00:28-07:00,0,29
projects\projects.js,39,js,1bc131fe,Johny Nguyen,2026-05-02,03:00:28,-07:00,2026-05-02T03:00:28-07:00,0,12
projects\projects.js,40,js,1bc131fe,Johny Nguyen,2026-05-02,03:00:28,-07:00,2026-05-02T03:00:28-07:00,0,19
projects\projects.js,41,js,1bc131fe,Johny Nguyen,2026-05-02,03:00:28,-07:00,2026-05-02T03:00:28-07:00,0,17
projects\projects.js,42,js,1bc131fe,Johny Nguyen,2026-05-02,03:00:28,-07:00,2026-05-02T03:00:28-07:00,0,3
projects\projects.js,43,js,1bc131fe,Johny Nguyen,2026-05-02,03:00:28,-07:00,2026-05-02T03:00:28-07:00,0,0
projects\projects.js,44,js,1bc131fe,Johny Nguyen,2026-05-02,03:00:28,-07:00,2026-05-02T03:00:28-07:00,0,47
projects\projects.js,45,js,1bc131fe,Johny Nguyen,2026-05-02,03:00:28,-07:00,2026-05-02T03:00:28-07:00,0,40
projects\projects.js,46,js,1bc131fe,Johny Nguyen,2026-05-02,03:00:28,-07:00,2026-05-02T03:00:28-07:00,0,4
projects\projects.js,47,js,1bc131fe,Johny Nguyen,2026-05-02,03:00:28,-07:00,2026-05-02T03:00:28-07:00,0,0
projects\projects.js,48,js,1bc131fe,Johny Nguyen,2026-05-02,03:00:28,-07:00,2026-05-02T03:00:28-07:00,0,53
projects\projects.js,49,js,1bc131fe,Johny Nguyen,2026-05-02,03:00:28,-07:00,2026-05-02T03:00:28-07:00,0,36
projects\projects.js,50,js,1bc131fe,Johny Nguyen,2026-05-02,03:00:28,-07:00,2026-05-02T03:00:28-07:00,0,0
projects\projects.js,51,js,1bc131fe,Johny Nguyen,2026-05-02,03:00:28,-07:00,2026-05-02T03:00:28-07:00,0,48
projects\projects.js,52,js,1bc131fe,Johny Nguyen,2026-05-02,03:00:28,-07:00,2026-05-02T03:00:28-07:00,0,0
projects\projects.js,53,js,1bc131fe,Johny Nguyen,2026-05-02,03:00:28,-07:00,2026-05-02T03:00:28-07:00,0,50
projects\projects.js,54,js,1bc131fe,Johny Nguyen,2026-05-02,03:00:28,-07:00,2026-05-02T03:00:28-07:00,0,0
projects\projects.js,55,js,1bc131fe,Johny Nguyen,2026-05-02,03:00:28,-07:00,2026-05-02T03:00:28-07:00,0,29
projects\projects.js,56,js,1bc131fe,Johny Nguyen,2026-05-02,03:00:28,-07:00,2026-05-02T03:00:28-07:00,0,59
projects\projects.js,57,js,1bc131fe,Johny Nguyen,2026-05-02,03:00:28,-07:00,2026-05-02T03:00:28-07:00,0,76
projects\projects.js,58,js,1bc131fe,Johny Nguyen,2026-05-02,03:00:28,-07:00,2026-05-02T03:00:28-07:00,0,4
projects\projects.js,59,js,1bc131fe,Johny Nguyen,2026-05-02,03:00:28,-07:00,2026-05-02T03:00:28-07:00,0,0
projects\projects.js,60,js,1bc131fe,Johny Nguyen,2026-05-02,03:00:28,-07:00,2026-05-02T03:00:28-07:00,0,10
projects\projects.js,61,js,1bc131fe,Johny Nguyen,2026-05-02,03:00:28,-07:00,2026-05-02T03:00:28-07:00,0,35
projects\projects.js,62,js,1bc131fe,Johny Nguyen,2026-05-02,03:00:28,-07:00,2026-05-02T03:00:28-07:00,0,27
projects\projects.js,63,js,1bc131fe,Johny Nguyen,2026-05-02,03:00:28,-07:00,2026-05-02T03:00:28-07:00,0,9
projects\projects.js,64,js,1bc131fe,Johny Nguyen,2026-05-02,03:00:28,-07:00,2026-05-02T03:00:28-07:00,0,18
projects\projects.js,65,js,1bc131fe,Johny Nguyen,2026-05-02,03:00:28,-07:00,2026-05-02T03:00:28-07:00,0,100
projects\projects.js,66,js,1bc131fe,Johny Nguyen,2026-05-02,03:00:28,-07:00,2026-05-02T03:00:28-07:00,0,34
projects\projects.js,67,js,1bc131fe,Johny Nguyen,2026-05-02,03:00:28,-07:00,2026-05-02T03:00:28-07:00,0,106
projects\projects.js,68,js,1bc131fe,Johny Nguyen,2026-05-02,03:00:28,-07:00,2026-05-02T03:00:28-07:00,0,4
projects\projects.js,69,js,1bc131fe,Johny Nguyen,2026-05-02,03:00:28,-07:00,2026-05-02T03:00:28-07:00,0,0
projects\projects.js,70,js,1bc131fe,Johny Nguyen,2026-05-02,03:00:28,-07:00,2026-05-02T03:00:28-07:00,0,14
projects\projects.js,71,js,1bc131fe,Johny Nguyen,2026-05-02,03:00:28,-07:00,2026-05-02T03:00:28-07:00,0,13
projects\projects.js,72,js,1bc131fe,Johny Nguyen,2026-05-02,03:00:28,-07:00,2026-05-02T03:00:28-07:00,0,53
projects\projects.js,73,js,1bc131fe,Johny Nguyen,2026-05-02,03:00:28,-07:00,2026-05-02T03:00:28-07:00,0,0
projects\projects.js,74,js,1bc131fe,Johny Nguyen,2026-05-02,03:00:28,-07:00,2026-05-02T03:00:28-07:00,0,52
projects\projects.js,75,js,1bc131fe,Johny Nguyen,2026-05-02,03:00:28,-07:00,2026-05-02T03:00:28-07:00,0,24
projects\projects.js,76,js,1bc131fe,Johny Nguyen,2026-05-02,03:00:28,-07:00,2026-05-02T03:00:28-07:00,0,30
projects\projects.js,77,js,1bc131fe,Johny Nguyen,2026-05-02,03:00:28,-07:00,2026-05-02T03:00:28-07:00,0,31
projects\projects.js,78,js,1bc131fe,Johny Nguyen,2026-05-02,03:00:28,-07:00,2026-05-02T03:00:28-07:00,0,55
projects\projects.js,79,js,1bc131fe,Johny Nguyen,2026-05-02,03:00:28,-07:00,2026-05-02T03:00:28-07:00,0,66
projects\projects.js,80,js,1bc131fe,Johny Nguyen,2026-05-02,03:00:28,-07:00,2026-05-02T03:00:28-07:00,0,49
projects\projects.js,81,js,1bc131fe,Johny Nguyen,2026-05-02,03:00:28,-07:00,2026-05-02T03:00:28-07:00,0,6
projects\projects.js,82,js,1bc131fe,Johny Nguyen,2026-05-02,03:00:28,-07:00,2026-05-02T03:00:28-07:00,0,0
projects\projects.js,83,js,1bc131fe,Johny Nguyen,2026-05-02,03:00:28,-07:00,2026-05-02T03:00:28-07:00,0,36
projects\projects.js,84,js,1bc131fe,Johny Nguyen,2026-05-02,03:00:28,-07:00,2026-05-02T03:00:28-07:00,0,61
projects\projects.js,85,js,1bc131fe,Johny Nguyen,2026-05-02,03:00:28,-07:00,2026-05-02T03:00:28-07:00,0,4
projects\projects.js,86,js,1bc131fe,Johny Nguyen,2026-05-02,03:00:28,-07:00,2026-05-02T03:00:28-07:00,0,23
projects\projects.js,87,js,1bc131fe,Johny Nguyen,2026-05-02,03:00:28,-07:00,2026-05-02T03:00:28-07:00,1,34
projects\projects.js,88,js,1bc131fe,Johny Nguyen,2026-05-02,03:00:28,-07:00,2026-05-02T03:00:28-07:00,2,59
projects\projects.js,89,js,1bc131fe,Johny Nguyen,2026-05-02,03:00:28,-07:00,2026-05-02T03:00:28-07:00,2,42
projects\projects.js,90,js,1bc131fe,Johny Nguyen,2026-05-02,03:00:28,-07:00,2026-05-02T03:00:28-07:00,1,1
projects\projects.js,91,js,1bc131fe,Johny Nguyen,2026-05-02,03:00:28,-07:00,2026-05-02T03:00:28-07:00,0,0
projects\projects.js,92,js,1bc131fe,Johny Nguyen,2026-05-02,03:00:28,-07:00,2026-05-02T03:00:28-07:00,0,0
projects\projects.js,93,js,1bc131fe,Johny Nguyen,2026-05-02,03:00:28,-07:00,2026-05-02T03:00:28-07:00,0,40
projects\projects.js,94,js,1bc131fe,Johny Nguyen,2026-05-02,03:00:28,-07:00,2026-05-02T03:00:28-07:00,0,38
projects\projects.js,95,js,1bc131fe,Johny Nguyen,2026-05-02,03:00:28,-07:00,2026-05-02T03:00:28-07:00,1,25
projects\projects.js,96,js,1bc131fe,Johny Nguyen,2026-05-02,03:00:28,-07:00,2026-05-02T03:00:28-07:00,1,29
projects\projects.js,97,js,1bc131fe,Johny Nguyen,2026-05-02,03:00:28,-07:00,2026-05-02T03:00:28-07:00,2,12
projects\projects.js,98,js,1bc131fe,Johny Nguyen,2026-05-02,03:00:28,-07:00,2026-05-02T03:00:28-07:00,2,14
projects\projects.js,99,js,1bc131fe,Johny Nguyen,2026-05-02,03:00:28,-07:00,2026-05-02T03:00:28-07:00,2,12
projects\projects.js,100,js,1bc131fe,Johny Nguyen,2026-05-02,03:00:28,-07:00,2026-05-02T03:00:28-07:00,1,0
projects\projects.js,101,js,1bc131fe,Johny Nguyen,2026-05-02,03:00:28,-07:00,2026-05-02T03:00:28-07:00,1,18
projects\projects.js,102,js,1bc131fe,Johny Nguyen,2026-05-02,03:00:28,-07:00,2026-05-02T03:00:28-07:00,1,50
projects\projects.js,103,js,1bc131fe,Johny Nguyen,2026-05-02,03:00:28,-07:00,2026-05-02T03:00:28-07:00,2,44
projects\projects.js,104,js,1bc131fe,Johny Nguyen,2026-05-02,03:00:28,-07:00,2026-05-02T03:00:28-07:00,1,1
projects\projects.js,105,js,1bc131fe,Johny Nguyen,2026-05-02,03:00:28,-07:00,2026-05-02T03:00:28-07:00,1,50
projects\projects.js,106,js,1bc131fe,Johny Nguyen,2026-05-02,03:00:28,-07:00,2026-05-02T03:00:28-07:00,1,53
projects\projects.js,107,js,1bc131fe,Johny Nguyen,2026-05-02,03:00:28,-07:00,2026-05-02T03:00:28-07:00,1,42
projects\projects.js,108,js,1bc131fe,Johny Nguyen,2026-05-02,03:00:28,-07:00,2026-05-02T03:00:28-07:00,1,51
projects\projects.js,109,js,1bc131fe,Johny Nguyen,2026-05-02,03:00:28,-07:00,2026-05-02T03:00:28-07:00,1,47
projects\projects.js,110,js,1bc131fe,Johny Nguyen,2026-05-02,03:00:28,-07:00,2026-05-02T03:00:28-07:00,0,0
projects\projects.js,111,js,1bc131fe,Johny Nguyen,2026-05-02,03:00:28,-07:00,2026-05-02T03:00:28-07:00,1,33
projects\projects.js,112,js,1bc131fe,Johny Nguyen,2026-05-02,03:00:28,-07:00,2026-05-02T03:00:28-07:00,1,28
projects\projects.js,113,js,1bc131fe,Johny Nguyen,2026-05-02,03:00:28,-07:00,2026-05-02T03:00:28-07:00,1,32
projects\projects.js,114,js,1bc131fe,Johny Nguyen,2026-05-02,03:00:28,-07:00,2026-05-02T03:00:28-07:00,1,35
projects\projects.js,115,js,1bc131fe,Johny Nguyen,2026-05-02,03:00:28,-07:00,2026-05-02T03:00:28-07:00,1,33
projects\projects.js,116,js,1bc131fe,Johny Nguyen,2026-05-02,03:00:28,-07:00,2026-05-02T03:00:28-07:00,0,0
projects\projects.js,117,js,1bc131fe,Johny Nguyen,2026-05-02,03:00:28,-07:00,2026-05-02T03:00:28-07:00,1,53
projects\projects.js,118,js,1bc131fe,Johny Nguyen,2026-05-02,03:00:28,-07:00,2026-05-02T03:00:28-07:00,1,29
projects\projects.js,119,js,1bc131fe,Johny Nguyen,2026-05-02,03:00:28,-07:00,2026-05-02T03:00:28-07:00,1,71
projects\projects.js,120,js,1bc131fe,Johny Nguyen,2026-05-02,03:00:28,-07:00,2026-05-02T03:00:28-07:00,1,1
projects\projects.js,121,js,b9e8872c,Johny Nguyen,2026-05-02,03:37:23,-07:00,2026-05-02T03:37:23-07:00,1,0
projects\projects.js,122,js,b9e8872c,Johny Nguyen,2026-05-02,03:37:23,-07:00,2026-05-02T03:37:23-07:00,1,21
projects\projects.js,123,js,b9e8872c,Johny Nguyen,2026-05-02,03:37:23,-07:00,2026-05-02T03:37:23-07:00,0,0
projects\projects.js,124,js,b9e8872c,Johny Nguyen,2026-05-02,03:37:23,-07:00,2026-05-02T03:37:23-07:00,1,38
projects\projects.js,125,js,b9e8872c,Johny Nguyen,2026-05-02,03:37:23,-07:00,2026-05-02T03:37:23-07:00,1,25
projects\projects.js,126,js,b9e8872c,Johny Nguyen,2026-05-02,03:37:23,-07:00,2026-05-02T03:37:23-07:00,1,29
projects\projects.js,127,js,b9e8872c,Johny Nguyen,2026-05-02,03:37:23,-07:00,2026-05-02T03:37:23-07:00,1,27
projects\projects.js,128,js,b9e8872c,Johny Nguyen,2026-05-02,03:37:23,-07:00,2026-05-02T03:37:23-07:00,2,1
projects\projects.js,129,js,b9e8872c,Johny Nguyen,2026-05-02,03:37:23,-07:00,2026-05-02T03:37:23-07:00,3,13
projects\projects.js,130,js,b9e8872c,Johny Nguyen,2026-05-02,03:37:23,-07:00,2026-05-02T03:37:23-07:00,3,13
projects\projects.js,131,js,b9e8872c,Johny Nguyen,2026-05-02,03:37:23,-07:00,2026-05-02T03:37:23-07:00,3,22
projects\projects.js,132,js,b9e8872c,Johny Nguyen,2026-05-02,03:37:23,-07:00,2026-05-02T03:37:23-07:00,3,18
projects\projects.js,133,js,b9e8872c,Johny Nguyen,2026-05-02,03:37:23,-07:00,2026-05-02T03:37:23-07:00,4,49
projects\projects.js,134,js,b9e8872c,Johny Nguyen,2026-05-02,03:37:23,-07:00,2026-05-02T03:37:23-07:00,4,43
projects\projects.js,135,js,b9e8872c,Johny Nguyen,2026-05-02,03:37:23,-07:00,2026-05-02T03:37:23-07:00,4,87
projects\projects.js,136,js,b9e8872c,Johny Nguyen,2026-05-02,03:37:23,-07:00,2026-05-02T03:37:23-07:00,0,0
projects\projects.js,137,js,b9e8872c,Johny Nguyen,2026-05-02,03:37:23,-07:00,2026-05-02T03:37:23-07:00,4,113
projects\projects.js,138,js,b9e8872c,Johny Nguyen,2026-05-02,03:37:23,-07:00,2026-05-02T03:37:23-07:00,0,0
projects\projects.js,139,js,b9e8872c,Johny Nguyen,2026-05-02,03:37:23,-07:00,2026-05-02T03:37:23-07:00,4,23
projects\projects.js,140,js,b9e8872c,Johny Nguyen,2026-05-02,03:37:23,-07:00,2026-05-02T03:37:23-07:00,5,48
projects\projects.js,141,js,b9e8872c,Johny Nguyen,2026-05-02,03:37:23,-07:00,2026-05-02T03:37:23-07:00,4,5
projects\projects.js,142,js,b9e8872c,Johny Nguyen,2026-05-02,03:37:23,-07:00,2026-05-02T03:37:23-07:00,5,46
projects\projects.js,143,js,b9e8872c,Johny Nguyen,2026-05-02,03:37:23,-07:00,2026-05-02T03:37:23-07:00,5,79
projects\projects.js,144,js,b9e8872c,Johny Nguyen,2026-05-02,03:37:23,-07:00,2026-05-02T03:37:23-07:00,5,56
projects\projects.js,145,js,b9e8872c,Johny Nguyen,2026-05-02,03:37:23,-07:00,2026-05-02T03:37:23-07:00,4,0
projects\projects.js,146,js,b9e8872c,Johny Nguyen,2026-05-02,03:37:23,-07:00,2026-05-02T03:37:23-07:00,0,0
projects\projects.js,147,js,b9e8872c,Johny Nguyen,2026-05-02,03:37:23,-07:00,2026-05-02T03:37:23-07:00,3,1
projects\projects.js,148,js,b9e8872c,Johny Nguyen,2026-05-02,03:37:23,-07:00,2026-05-02T03:37:23-07:00,1,1
projects\projects.js,149,js,b9e8872c,Johny Nguyen,2026-05-02,03:37:23,-07:00,2026-05-02T03:37:23-07:00,0,0
projects\projects.js,150,js,1bc131fe,Johny Nguyen,2026-05-02,03:00:28,-07:00,2026-05-02T03:00:28-07:00,0,0
projects\projects.js,151,js,1bc131fe,Johny Nguyen,2026-05-02,03:00:28,-07:00,2026-05-02T03:00:28-07:00,1,32
projects\projects.js,152,js,1bc131fe,Johny Nguyen,2026-05-02,03:00:28,-07:00,2026-05-02T03:00:28-07:00,1,27
projects\projects.js,153,js,1bc131fe,Johny Nguyen,2026-05-02,03:00:28,-07:00,2026-05-02T03:00:28-07:00,2,4
projects\projects.js,154,js,1bc131fe,Johny Nguyen,2026-05-02,03:00:28,-07:00,2026-05-02T03:00:28-07:00,3,11
projects\projects.js,155,js,1bc131fe,Johny Nguyen,2026-05-02,03:00:28,-07:00,2026-05-02T03:00:28-07:00,3,93
projects\projects.js,156,js,1bc131fe,Johny Nguyen,2026-05-02,03:00:28,-07:00,2026-05-02T03:00:28-07:00,3,27
projects\projects.js,157,js,1bc131fe,Johny Nguyen,2026-05-02,03:00:28,-07:00,2026-05-02T03:00:28-07:00,3,99
projects\projects.js,158,js,b9e8872c,Johny Nguyen,2026-05-02,03:37:23,-07:00,2026-05-02T03:37:23-07:00,0,0
projects\projects.js,159,js,b9e8872c,Johny Nguyen,2026-05-02,03:37:23,-07:00,2026-05-02T03:37:23-07:00,2,0
projects\projects.js,160,js,1bc131fe,Johny Nguyen,2026-05-02,03:00:28,-07:00,2026-05-02T03:00:28-07:00,1,1
projects\projects.js,161,js,b9e8872c,Johny Nguyen,2026-05-02,03:37:23,-07:00,2026-05-02T03:37:23-07:00,1,0
projects\projects.js,162,js,1bc131fe,Johny Nguyen,2026-05-02,03:00:28,-07:00,2026-05-02T03:00:28-07:00,0,0
projects\projects.js,163,js,1bc131fe,Johny Nguyen,2026-05-02,03:00:28,-07:00,2026-05-02T03:00:28-07:00,0,0
projects\projects.js,164,js,1bc131fe,Johny Nguyen,2026-05-02,03:00:28,-07:00,2026-05-02T03:00:28-07:00,0,32
projects\projects.js,165,js,1bc131fe,Johny Nguyen,2026-05-02,03:00:28,-07:00,2026-05-02T03:00:28-07:00,0,23
projects\projects.js,166,js,1bc131fe,Johny Nguyen,2026-05-02,03:00:28,-07:00,2026-05-02T03:00:28-07:00,0,0
projects\projects.js,167,js,1bc131fe,Johny Nguyen,2026-05-02,03:00:28,-07:00,2026-05-02T03:00:28-07:00,0,48
projects\projects.js,168,js,1bc131fe,Johny Nguyen,2026-05-02,03:00:28,-07:00,2026-05-02T03:00:28-07:00,1,25
projects\projects.js,169,js,1bc131fe,Johny Nguyen,2026-05-02,03:00:28,-07:00,2026-05-02T03:00:28-07:00,1,50
projects\projects.js,170,js,b9e8872c,Johny Nguyen,2026-05-02,03:37:23,-07:00,2026-05-02T03:37:23-07:00,0,0
projects\projects.js,171,js,b9e8872c,Johny Nguyen,2026-05-02,03:37:23,-07:00,2026-05-02T03:37:23-07:00,0,0
projects\projects.js,172,js,b9e8872c,Johny Nguyen,2026-05-02,03:37:23,-07:00,2026-05-02T03:37:23-07:00,1,0
projects\projects.js,173,js,1bc131fe,Johny Nguyen,2026-05-02,03:00:28,-07:00,2026-05-02T03:00:28-07:00,1,52
projects\projects.js,174,js,1bc131fe,Johny Nguyen,2026-05-02,03:00:28,-07:00,2026-05-02T03:00:28-07:00,1,56
projects\projects.js,175,js,1bc131fe,Johny Nguyen,2026-05-02,03:00:28,-07:00,2026-05-02T03:00:28-07:00,1,31
projects\projects.js,176,js,b9e8872c,Johny Nguyen,2026-05-02,03:37:23,-07:00,2026-05-02T03:37:23-07:00,0,1
projects\projects.js,177,js,b9e8872c,Johny Nguyen,2026-05-02,03:37:23,-07:00,2026-05-02T03:37:23-07:00,0,0
projects\projects.js,178,js,b9e8872c,Johny Nguyen,2026-05-02,03:37:23,-07:00,2026-05-02T03:37:23-07:00,0,0
projects\projects.js,179,js,b9e8872c,Johny Nguyen,2026-05-02,03:37:23,-07:00,2026-05-02T03:37:23-07:00,0,9
projects\projects.js,180,js,b9e8872c,Johny Nguyen,2026-05-02,03:37:23,-07:00,2026-05-02T03:37:23-07:00,0,24
projects\projects.js,181,js,b9e8872c,Johny Nguyen,2026-05-02,03:37:23,-07:00,2026-05-02T03:37:23-07:00,0,0
projects\projects.js,182,js,b9e8872c,Johny Nguyen,2026-05-02,03:37:23,-07:00,2026-05-02T03:37:23-07:00,0,28
projects\projects.js,183,js,b9e8872c,Johny Nguyen,2026-05-02,03:37:23,-07:00,2026-05-02T03:37:23-07:00,0,32
projects\projects.js,184,js,b9e8872c,Johny Nguyen,2026-05-02,03:37:23,-07:00,2026-05-02T03:37:23-07:00,0,27
projects\projects.js,185,js,b9e8872c,Johny Nguyen,2026-05-02,03:37:23,-07:00,2026-05-02T03:37:23-07:00,0,6
projects\projects.js,186,js,b9e8872c,Johny Nguyen,2026-05-02,03:37:23,-07:00,2026-05-02T03:37:23-07:00,0,20
projects\projects.js,187,js,b9e8872c,Johny Nguyen,2026-05-02,03:37:23,-07:00,2026-05-02T03:37:23-07:00,0,20
projects\projects.js,188,js,b9e8872c,Johny Nguyen,2026-05-02,03:37:23,-07:00,2026-05-02T03:37:23-07:00,0,29
projects\projects.js,189,js,b9e8872c,Johny Nguyen,2026-05-02,03:37:23,-07:00,2026-05-02T03:37:23-07:00,0,25
projects\projects.js,190,js,b9e8872c,Johny Nguyen,2026-05-02,03:37:23,-07:00,2026-05-02T03:37:23-07:00,0,58
projects\projects.js,191,js,b9e8872c,Johny Nguyen,2026-05-02,03:37:23,-07:00,2026-05-02T03:37:23-07:00,0,52
projects\projects.js,192,js,b9e8872c,Johny Nguyen,2026-05-02,03:37:23,-07:00,2026-05-02T03:37:23-07:00,0,96
projects\projects.js,193,js,b9e8872c,Johny Nguyen,2026-05-02,03:37:23,-07:00,2026-05-02T03:37:23-07:00,3,0
projects\projects.js,194,js,b9e8872c,Johny Nguyen,2026-05-02,03:37:23,-07:00,2026-05-02T03:37:23-07:00,0,8
projects\projects.js,195,js,b9e8872c,Johny Nguyen,2026-05-02,03:37:23,-07:00,2026-05-02T03:37:23-07:00,0,0
projects\projects.js,196,js,b9e8872c,Johny Nguyen,2026-05-02,03:37:23,-07:00,2026-05-02T03:37:23-07:00,0,0
projects\projects.js,197,js,b9e8872c,Johny Nguyen,2026-05-02,03:37:23,-07:00,2026-05-02T03:37:23-07:00,0,4
projects\index.html,1,html,68bd0b88,Johny Nguyen,2026-04-02,20:21:43,-07:00,2026-04-02T20:21:43-07:00,0,13
projects\index.html,2,html,68bd0b88,Johny Nguyen,2026-04-02,20:21:43,-07:00,2026-04-02T20:21:43-07:00,0,14
projects\index.html,3,html,68bd0b88,Johny Nguyen,2026-04-02,20:21:43,-07:00,2026-04-02T20:21:43-07:00,0,4
projects\index.html,4,html,68bd0b88,Johny Nguyen,2026-04-02,20:21:43,-07:00,2026-04-02T20:21:43-07:00,2,20
projects\index.html,5,html,68bd0b88,Johny Nguyen,2026-04-02,20:21:43,-07:00,2026-04-02T20:21:43-07:00,2,68
projects\index.html,6,html,68bd0b88,Johny Nguyen,2026-04-02,20:21:43,-07:00,2026-04-02T20:21:43-07:00,2,21
projects\index.html,7,html,4235b5be,Johny Nguyen,2026-04-10,02:21:50,-07:00,2026-04-10T02:21:50-07:00,2,45
projects\index.html,8,html,57955961,Johny Nguyen,2026-04-17,21:43:55,-07:00,2026-04-17T21:43:55-07:00,2,48
projects\index.html,9,html,c1c0baf9,Johny Nguyen,2026-04-24,01:35:26,-07:00,2026-04-24T01:35:26-07:00,2,47
projects\index.html,10,html,3715d774,Johny Nguyen,2026-04-24,02:00:11,-07:00,2026-04-24T02:00:11-07:00,0,5
projects\index.html,11,html,68bd0b88,Johny Nguyen,2026-04-02,20:21:43,-07:00,2026-04-02T20:21:43-07:00,0,0
projects\index.html,12,html,68bd0b88,Johny Nguyen,2026-04-02,20:21:43,-07:00,2026-04-02T20:21:43-07:00,0,0
projects\index.html,13,html,68bd0b88,Johny Nguyen,2026-04-02,20:21:43,-07:00,2026-04-02T20:21:43-07:00,0,4
projects\index.html,14,html,9153d06b,Johny Nguyen,2026-04-17,01:41:31,-07:00,2026-04-17T01:41:31-07:00,2,8
projects\index.html,15,html,68bd0b88,Johny Nguyen,2026-04-02,20:21:43,-07:00,2026-04-02T20:21:43-07:00,4,2
projects\index.html,16,html,68bd0b88,Johny Nguyen,2026-04-02,20:21:43,-07:00,2026-04-02T20:21:43-07:00,6,39
projects\index.html,17,html,9153d06b,Johny Nguyen,2026-04-17,01:41:31,-07:00,2026-04-17T01:41:31-07:00,6,40
projects\index.html,18,html,68bd0b88,Johny Nguyen,2026-04-02,20:21:43,-07:00,2026-04-02T20:21:43-07:00,6,50
projects\index.html,19,html,31f341e6,Johny Nguyen,2026-04-02,20:44:34,-07:00,2026-04-02T20:44:34-07:00,6,81
projects\index.html,20,html,e414e0ec,Johny Nguyen,2026-04-02,21:53:21,-07:00,2026-04-02T21:53:21-07:00,6,42
projects\index.html,21,html,e414e0ec,Johny Nguyen,2026-04-02,21:53:21,-07:00,2026-04-02T21:53:21-07:00,0,0
projects\index.html,22,html,68bd0b88,Johny Nguyen,2026-04-02,20:21:43,-07:00,2026-04-02T20:21:43-07:00,4,3
projects\index.html,23,html,9153d06b,Johny Nguyen,2026-04-17,01:41:31,-07:00,2026-04-17T01:41:31-07:00,2,8
projects\index.html,24,html,30c06509,Johny Nguyen,2026-04-10,13:10:54,-07:00,2026-04-10T13:10:54-07:00,2,0
projects\index.html,25,html,f5d3b34b,Johny Nguyen,2026-04-23,23:07:11,-07:00,2026-04-23T23:07:11-07:00,2,38
projects\index.html,26,html,30c06509,Johny Nguyen,2026-04-10,13:10:54,-07:00,2026-04-10T13:10:54-07:00,0,0
projects\index.html,27,html,1bc131fe,Johny Nguyen,2026-05-02,03:00:28,-07:00,2026-05-02T03:00:28-07:00,2,23
projects\index.html,28,html,1bc131fe,Johny Nguyen,2026-05-02,03:00:28,-07:00,2026-05-02T03:00:28-07:00,4,4
projects\index.html,29,html,1bc131fe,Johny Nguyen,2026-05-02,03:00:28,-07:00,2026-05-02T03:00:28-07:00,6,15
projects\index.html,30,html,1bc131fe,Johny Nguyen,2026-05-02,03:00:28,-07:00,2026-05-02T03:00:28-07:00,6,11
projects\index.html,31,html,1bc131fe,Johny Nguyen,2026-05-02,03:00:28,-07:00,2026-05-02T03:00:28-07:00,6,26
projects\index.html,32,html,1bc131fe,Johny Nguyen,2026-05-02,03:00:28,-07:00,2026-05-02T03:00:28-07:00,6,31
projects\index.html,33,html,1bc131fe,Johny Nguyen,2026-05-02,03:00:28,-07:00,2026-05-02T03:00:28-07:00,4,0
projects\index.html,34,html,1bc131fe,Johny Nguyen,2026-05-02,03:00:28,-07:00,2026-05-02T03:00:28-07:00,4,56
projects\index.html,35,html,1bc131fe,Johny Nguyen,2026-05-02,03:00:28,-07:00,2026-05-02T03:00:28-07:00,4,24
projects\index.html,36,html,1bc131fe,Johny Nguyen,2026-05-02,03:00:28,-07:00,2026-05-02T03:00:28-07:00,2,4
projects\index.html,37,html,1bc131fe,Johny Nguyen,2026-05-02,03:00:28,-07:00,2026-05-02T03:00:28-07:00,2,0
projects\index.html,38,html,30c06509,Johny Nguyen,2026-04-10,13:10:54,-07:00,2026-04-10T13:10:54-07:00,2,20
projects\index.html,39,html,f5d3b34b,Johny Nguyen,2026-04-23,23:07:11,-07:00,2026-04-23T23:07:11-07:00,4,12
projects\index.html,40,html,30c06509,Johny Nguyen,2026-04-10,13:10:54,-07:00,2026-04-10T13:10:54-07:00,6,29
projects\index.html,41,html,30c06509,Johny Nguyen,2026-04-10,13:10:54,-07:00,2026-04-10T13:10:54-07:00,6,70
projects\index.html,42,html,30c06509,Johny Nguyen,2026-04-10,13:10:54,-07:00,2026-04-10T13:10:54-07:00,6,236
projects\index.html,43,html,30c06509,Johny Nguyen,2026-04-10,13:10:54,-07:00,2026-04-10T13:10:54-07:00,4,8
projects\index.html,44,html,30c06509,Johny Nguyen,2026-04-10,13:10:54,-07:00,2026-04-10T13:10:54-07:00,4,7
projects\index.html,45,html,30c06509,Johny Nguyen,2026-04-10,13:10:54,-07:00,2026-04-10T13:10:54-07:00,6,43
projects\index.html,46,html,30c06509,Johny Nguyen,2026-04-10,13:10:54,-07:00,2026-04-10T13:10:54-07:00,6,70
projects\index.html,47,html,30c06509,Johny Nguyen,2026-04-10,13:10:54,-07:00,2026-04-10T13:10:54-07:00,6,223
projects\index.html,48,html,30c06509,Johny Nguyen,2026-04-10,13:10:54,-07:00,2026-04-10T13:10:54-07:00,4,8
projects\index.html,49,html,30c06509,Johny Nguyen,2026-04-10,13:10:54,-07:00,2026-04-10T13:10:54-07:00,4,7
projects\index.html,50,html,30c06509,Johny Nguyen,2026-04-10,13:10:54,-07:00,2026-04-10T13:10:54-07:00,6,45
projects\index.html,51,html,30c06509,Johny Nguyen,2026-04-10,13:10:54,-07:00,2026-04-10T13:10:54-07:00,6,70
projects\index.html,52,html,30c06509,Johny Nguyen,2026-04-10,13:10:54,-07:00,2026-04-10T13:10:54-07:00,6,218
projects\index.html,53,html,30c06509,Johny Nguyen,2026-04-10,13:10:54,-07:00,2026-04-10T13:10:54-07:00,4,8
projects\index.html,54,html,30c06509,Johny Nguyen,2026-04-10,13:10:54,-07:00,2026-04-10T13:10:54-07:00,4,7
projects\index.html,55,html,30c06509,Johny Nguyen,2026-04-10,13:10:54,-07:00,2026-04-10T13:10:54-07:00,6,34
projects\index.html,56,html,30c06509,Johny Nguyen,2026-04-10,13:10:54,-07:00,2026-04-10T13:10:54-07:00,6,70
projects\index.html,57,html,30c06509,Johny Nguyen,2026-04-10,13:10:54,-07:00,2026-04-10T13:10:54-07:00,6,236
projects\index.html,58,html,30c06509,Johny Nguyen,2026-04-10,13:10:54,-07:00,2026-04-10T13:10:54-07:00,4,8
projects\index.html,59,html,30c06509,Johny Nguyen,2026-04-10,13:10:54,-07:00,2026-04-10T13:10:54-07:00,4,7
projects\index.html,60,html,30c06509,Johny Nguyen,2026-04-10,13:10:54,-07:00,2026-04-10T13:10:54-07:00,6,35
projects\index.html,61,html,30c06509,Johny Nguyen,2026-04-10,13:10:54,-07:00,2026-04-10T13:10:54-07:00,6,70
projects\index.html,62,html,30c06509,Johny Nguyen,2026-04-10,13:10:54,-07:00,2026-04-10T13:10:54-07:00,6,255
projects\index.html,63,html,30c06509,Johny Nguyen,2026-04-10,13:10:54,-07:00,2026-04-10T13:10:54-07:00,4,8
projects\index.html,64,html,30c06509,Johny Nguyen,2026-04-10,13:10:54,-07:00,2026-04-10T13:10:54-07:00,4,7
projects\index.html,65,html,30c06509,Johny Nguyen,2026-04-10,13:10:54,-07:00,2026-04-10T13:10:54-07:00,6,36
projects\index.html,66,html,30c06509,Johny Nguyen,2026-04-10,13:10:54,-07:00,2026-04-10T13:10:54-07:00,6,70
projects\index.html,67,html,30c06509,Johny Nguyen,2026-04-10,13:10:54,-07:00,2026-04-10T13:10:54-07:00,6,225
projects\index.html,68,html,30c06509,Johny Nguyen,2026-04-10,13:10:54,-07:00,2026-04-10T13:10:54-07:00,4,8
projects\index.html,69,html,30c06509,Johny Nguyen,2026-04-10,13:10:54,-07:00,2026-04-10T13:10:54-07:00,4,7
projects\index.html,70,html,30c06509,Johny Nguyen,2026-04-10,13:10:54,-07:00,2026-04-10T13:10:54-07:00,6,39
projects\index.html,71,html,30c06509,Johny Nguyen,2026-04-10,13:10:54,-07:00,2026-04-10T13:10:54-07:00,6,70
projects\index.html,72,html,30c06509,Johny Nguyen,2026-04-10,13:10:54,-07:00,2026-04-10T13:10:54-07:00,6,249
projects\index.html,73,html,30c06509,Johny Nguyen,2026-04-10,13:10:54,-07:00,2026-04-10T13:10:54-07:00,4,8
projects\index.html,74,html,30c06509,Johny Nguyen,2026-04-10,13:10:54,-07:00,2026-04-10T13:10:54-07:00,4,7
projects\index.html,75,html,30c06509,Johny Nguyen,2026-04-10,13:10:54,-07:00,2026-04-10T13:10:54-07:00,6,34
projects\index.html,76,html,30c06509,Johny Nguyen,2026-04-10,13:10:54,-07:00,2026-04-10T13:10:54-07:00,6,70
projects\index.html,77,html,30c06509,Johny Nguyen,2026-04-10,13:10:54,-07:00,2026-04-10T13:10:54-07:00,6,239
projects\index.html,78,html,30c06509,Johny Nguyen,2026-04-10,13:10:54,-07:00,2026-04-10T13:10:54-07:00,4,8
projects\index.html,79,html,30c06509,Johny Nguyen,2026-04-10,13:10:54,-07:00,2026-04-10T13:10:54-07:00,4,7
projects\index.html,80,html,30c06509,Johny Nguyen,2026-04-10,13:10:54,-07:00,2026-04-10T13:10:54-07:00,6,33
projects\index.html,81,html,30c06509,Johny Nguyen,2026-04-10,13:10:54,-07:00,2026-04-10T13:10:54-07:00,6,70
projects\index.html,82,html,30c06509,Johny Nguyen,2026-04-10,13:10:54,-07:00,2026-04-10T13:10:54-07:00,6,226
projects\index.html,83,html,30c06509,Johny Nguyen,2026-04-10,13:10:54,-07:00,2026-04-10T13:10:54-07:00,4,8
projects\index.html,84,html,30c06509,Johny Nguyen,2026-04-10,13:10:54,-07:00,2026-04-10T13:10:54-07:00,4,7
projects\index.html,85,html,30c06509,Johny Nguyen,2026-04-10,13:10:54,-07:00,2026-04-10T13:10:54-07:00,6,46
projects\index.html,86,html,30c06509,Johny Nguyen,2026-04-10,13:10:54,-07:00,2026-04-10T13:10:54-07:00,6,70
projects\index.html,87,html,30c06509,Johny Nguyen,2026-04-10,13:10:54,-07:00,2026-04-10T13:10:54-07:00,6,248
projects\index.html,88,html,30c06509,Johny Nguyen,2026-04-10,13:10:54,-07:00,2026-04-10T13:10:54-07:00,4,8
projects\index.html,89,html,30c06509,Johny Nguyen,2026-04-10,13:10:54,-07:00,2026-04-10T13:10:54-07:00,4,7
projects\index.html,90,html,30c06509,Johny Nguyen,2026-04-10,13:10:54,-07:00,2026-04-10T13:10:54-07:00,6,25
projects\index.html,91,html,30c06509,Johny Nguyen,2026-04-10,13:10:54,-07:00,2026-04-10T13:10:54-07:00,6,70
projects\index.html,92,html,30c06509,Johny Nguyen,2026-04-10,13:10:54,-07:00,2026-04-10T13:10:54-07:00,6,229
projects\index.html,93,html,30c06509,Johny Nguyen,2026-04-10,13:10:54,-07:00,2026-04-10T13:10:54-07:00,4,8
projects\index.html,94,html,30c06509,Johny Nguyen,2026-04-10,13:10:54,-07:00,2026-04-10T13:10:54-07:00,4,7
projects\index.html,95,html,30c06509,Johny Nguyen,2026-04-10,13:10:54,-07:00,2026-04-10T13:10:54-07:00,6,46
projects\index.html,96,html,30c06509,Johny Nguyen,2026-04-10,13:10:54,-07:00,2026-04-10T13:10:54-07:00,6,70
projects\index.html,97,html,30c06509,Johny Nguyen,2026-04-10,13:10:54,-07:00,2026-04-10T13:10:54-07:00,6,238
projects\index.html,98,html,30c06509,Johny Nguyen,2026-04-10,13:10:54,-07:00,2026-04-10T13:10:54-07:00,4,8
projects\index.html,99,html,f5d3b34b,Johny Nguyen,2026-04-23,23:07:11,-07:00,2026-04-23T23:07:11-07:00,2,8
projects\index.html,100,html,30c06509,Johny Nguyen,2026-04-10,13:10:54,-07:00,2026-04-10T13:10:54-07:00,0,0
projects\index.html,101,html,30c06509,Johny Nguyen,2026-04-10,13:10:54,-07:00,2026-04-10T13:10:54-07:00,1,0
projects\index.html,102,html,68bd0b88,Johny Nguyen,2026-04-02,20:21:43,-07:00,2026-04-02T20:21:43-07:00,0,5
projects\index.html,103,html,68bd0b88,Johny Nguyen,2026-04-02,20:21:43,-07:00,2026-04-02T20:21:43-07:00,0,5
meta\main.js,1,js,c16f737a,Johny Nguyen,2026-05-06,01:14:58,-07:00,2026-05-06T01:14:58-07:00,0,63
meta\main.js,2,js,c16f737a,Johny Nguyen,2026-05-06,01:14:58,-07:00,2026-05-06T01:14:58-07:00,0,0
meta\main.js,3,js,c16f737a,Johny Nguyen,2026-05-06,01:14:58,-07:00,2026-05-06T01:14:58-07:00,0,25
meta\main.js,4,js,c16f737a,Johny Nguyen,2026-05-06,01:14:58,-07:00,2026-05-06T01:14:58-07:00,1,46
meta\main.js,5,js,c16f737a,Johny Nguyen,2026-05-06,01:14:58,-07:00,2026-05-06T01:14:58-07:00,2,5
meta\main.js,6,js,c16f737a,Johny Nguyen,2026-05-06,01:14:58,-07:00,2026-05-06T01:14:58-07:00,2,42
meta\main.js,7,js,c16f737a,Johny Nguyen,2026-05-06,01:14:58,-07:00,2026-05-06T01:14:58-07:00,2,23
meta\main.js,8,js,c16f737a,Johny Nguyen,2026-05-06,01:14:58,-07:00,2026-05-06T01:14:58-07:00,2,25
meta\main.js,9,js,c16f737a,Johny Nguyen,2026-05-06,01:14:58,-07:00,2026-05-06T01:14:58-07:00,2,49
meta\main.js,10,js,c16f737a,Johny Nguyen,2026-05-06,01:14:58,-07:00,2026-05-06T01:14:58-07:00,2,31
meta\main.js,11,js,c16f737a,Johny Nguyen,2026-05-06,01:14:58,-07:00,2026-05-06T01:14:58-07:00,1,2
meta\main.js,12,js,c16f737a,Johny Nguyen,2026-05-06,01:14:58,-07:00,2026-05-06T01:14:58-07:00,0,0
meta\main.js,13,js,c16f737a,Johny Nguyen,2026-05-06,01:14:58,-07:00,2026-05-06T01:14:58-07:00,1,10
meta\main.js,14,js,c16f737a,Johny Nguyen,2026-05-06,01:14:58,-07:00,2026-05-06T01:14:58-07:00,0,0
meta\main.js,15,js,c16f737a,Johny Nguyen,2026-05-06,01:14:58,-07:00,2026-05-06T01:14:58-07:00,0,0
meta\main.js,16,js,00000000,Not Committed Yet,2026-05-06,21:17:45,-07:00,2026-05-06T21:17:45-07:00,0,9
meta\main.js,17,js,00000000,Not Committed Yet,2026-05-06,21:17:45,-07:00,2026-05-06T21:17:45-07:00,0,9
meta\main.js,18,js,37420e6e,Johny Nguyen,2026-05-06,02:07:54,-07:00,2026-05-06T02:07:54-07:00,0,29
meta\main.js,19,js,37420e6e,Johny Nguyen,2026-05-06,02:07:54,-07:00,2026-05-06T02:07:54-07:00,1,7
meta\main.js,20,js,37420e6e,Johny Nguyen,2026-05-06,02:07:54,-07:00,2026-05-06T02:07:54-07:00,2,28
meta\main.js,21,js,37420e6e,Johny Nguyen,2026-05-06,02:07:54,-07:00,2026-05-06T02:07:54-07:00,2,25
meta\main.js,22,js,37420e6e,Johny Nguyen,2026-05-06,02:07:54,-07:00,2026-05-06T02:07:54-07:00,3,19
meta\main.js,23,js,37420e6e,Johny Nguyen,2026-05-06,02:07:54,-07:00,2026-05-06T02:07:54-07:00,3,53
meta\main.js,24,js,37420e6e,Johny Nguyen,2026-05-06,02:07:54,-07:00,2026-05-06T02:07:54-07:00,3,9
meta\main.js,25,js,37420e6e,Johny Nguyen,2026-05-06,02:07:54,-07:00,2026-05-06T02:07:54-07:00,4,9
meta\main.js,26,js,37420e6e,Johny Nguyen,2026-05-06,02:07:54,-07:00,2026-05-06T02:07:54-07:00,4,58
meta\main.js,27,js,37420e6e,Johny Nguyen,2026-05-06,02:07:54,-07:00,2026-05-06T02:07:54-07:00,4,5
meta\main.js,28,js,37420e6e,Johny Nguyen,2026-05-06,02:07:54,-07:00,2026-05-06T02:07:54-07:00,4,3
meta\main.js,29,js,37420e6e,Johny Nguyen,2026-05-06,02:07:54,-07:00,2026-05-06T02:07:54-07:00,4,3
meta\main.js,30,js,37420e6e,Johny Nguyen,2026-05-06,02:07:54,-07:00,2026-05-06T02:07:54-07:00,4,7
meta\main.js,31,js,37420e6e,Johny Nguyen,2026-05-06,02:07:54,-07:00,2026-05-06T02:07:54-07:00,4,7
meta\main.js,32,js,37420e6e,Johny Nguyen,2026-05-06,02:07:54,-07:00,2026-05-06T02:07:54-07:00,4,57
meta\main.js,33,js,37420e6e,Johny Nguyen,2026-05-06,02:07:54,-07:00,2026-05-06T02:07:54-07:00,4,23
meta\main.js,34,js,37420e6e,Johny Nguyen,2026-05-06,02:07:54,-07:00,2026-05-06T02:07:54-07:00,3,0
meta\main.js,35,js,37420e6e,Johny Nguyen,2026-05-06,02:07:54,-07:00,2026-05-06T02:07:54-07:00,0,0
meta\main.js,36,js,37420e6e,Johny Nguyen,2026-05-06,02:07:54,-07:00,2026-05-06T02:07:54-07:00,3,35
meta\main.js,37,js,37420e6e,Johny Nguyen,2026-05-06,02:07:54,-07:00,2026-05-06T02:07:54-07:00,4,11
meta\main.js,38,js,37420e6e,Johny Nguyen,2026-05-06,02:07:54,-07:00,2026-05-06T02:07:54-07:00,4,38
meta\main.js,39,js,37420e6e,Johny Nguyen,2026-05-06,02:07:54,-07:00,2026-05-06T02:07:54-07:00,4,53
meta\main.js,40,js,37420e6e,Johny Nguyen,2026-05-06,02:07:54,-07:00,2026-05-06T02:07:54-07:00,4,15
meta\main.js,41,js,37420e6e,Johny Nguyen,2026-05-06,02:07:54,-07:00,2026-05-06T02:07:54-07:00,4,16
meta\main.js,42,js,37420e6e,Johny Nguyen,2026-05-06,02:07:54,-07:00,2026-05-06T02:07:54-07:00,4,17
meta\main.js,43,js,37420e6e,Johny Nguyen,2026-05-06,02:07:54,-07:00,2026-05-06T02:07:54-07:00,3,1
meta\main.js,44,js,37420e6e,Johny Nguyen,2026-05-06,02:07:54,-07:00,2026-05-06T02:07:54-07:00,0,0
meta\main.js,45,js,37420e6e,Johny Nguyen,2026-05-06,02:07:54,-07:00,2026-05-06T02:07:54-07:00,3,9
meta\main.js,46,js,37420e6e,Johny Nguyen,2026-05-06,02:07:54,-07:00,2026-05-06T02:07:54-07:00,2,1
meta\main.js,47,js,37420e6e,Johny Nguyen,2026-05-06,02:07:54,-07:00,2026-05-06T02:07:54-07:00,0,0
meta\main.js,48,js,37420e6e,Johny Nguyen,2026-05-06,02:07:54,-07:00,2026-05-06T02:07:54-07:00,0,0
meta\main.js,49,js,37420e6e,Johny Nguyen,2026-05-06,02:07:54,-07:00,2026-05-06T02:07:54-07:00,0,40
meta\main.js,50,js,37420e6e,Johny Nguyen,2026-05-06,02:07:54,-07:00,2026-05-06T02:07:54-07:00,1,22
meta\main.js,51,js,37420e6e,Johny Nguyen,2026-05-06,02:07:54,-07:00,2026-05-06T02:07:54-07:00,1,65
meta\main.js,52,js,37420e6e,Johny Nguyen,2026-05-06,02:07:54,-07:00,2026-05-06T02:07:54-07:00,0,0
meta\main.js,53,js,37420e6e,Johny Nguyen,2026-05-06,02:07:54,-07:00,2026-05-06T02:07:54-07:00,1,14
meta\main.js,54,js,37420e6e,Johny Nguyen,2026-05-06,02:07:54,-07:00,2026-05-06T02:07:54-07:00,1,67
meta\main.js,55,js,37420e6e,Johny Nguyen,2026-05-06,02:07:54,-07:00,2026-05-06T02:07:54-07:00,1,32
meta\main.js,56,js,37420e6e,Johny Nguyen,2026-05-06,02:07:54,-07:00,2026-05-06T02:07:54-07:00,0,0
meta\main.js,57,js,37420e6e,Johny Nguyen,2026-05-06,02:07:54,-07:00,2026-05-06T02:07:54-07:00,1,18
meta\main.js,58,js,37420e6e,Johny Nguyen,2026-05-06,02:07:54,-07:00,2026-05-06T02:07:54-07:00,1,36
meta\main.js,59,js,37420e6e,Johny Nguyen,2026-05-06,02:07:54,-07:00,2026-05-06T02:07:54-07:00,1,35
meta\main.js,60,js,37420e6e,Johny Nguyen,2026-05-06,02:07:54,-07:00,2026-05-06T02:07:54-07:00,0,0
meta\main.js,61,js,37420e6e,Johny Nguyen,2026-05-06,02:07:54,-07:00,2026-05-06T02:07:54-07:00,1,28
meta\main.js,62,js,37420e6e,Johny Nguyen,2026-05-06,02:07:54,-07:00,2026-05-06T02:07:54-07:00,1,10
meta\main.js,63,js,37420e6e,Johny Nguyen,2026-05-06,02:07:54,-07:00,2026-05-06T02:07:54-07:00,1,34
meta\main.js,64,js,37420e6e,Johny Nguyen,2026-05-06,02:07:54,-07:00,2026-05-06T02:07:54-07:00,1,55
meta\main.js,65,js,37420e6e,Johny Nguyen,2026-05-06,02:07:54,-07:00,2026-05-06T02:07:54-07:00,0,0
meta\main.js,66,js,37420e6e,Johny Nguyen,2026-05-06,02:07:54,-07:00,2026-05-06T02:07:54-07:00,1,11
meta\main.js,67,js,37420e6e,Johny Nguyen,2026-05-06,02:07:54,-07:00,2026-05-06T02:07:54-07:00,2,30
meta\main.js,68,js,37420e6e,Johny Nguyen,2026-05-06,02:07:54,-07:00,2026-05-06T02:07:54-07:00,2,3
meta\main.js,69,js,37420e6e,Johny Nguyen,2026-05-06,02:07:54,-07:00,2026-05-06T02:07:54-07:00,2,14
meta\main.js,70,js,37420e6e,Johny Nguyen,2026-05-06,02:07:54,-07:00,2026-05-06T02:07:54-07:00,2,71
meta\main.js,71,js,37420e6e,Johny Nguyen,2026-05-06,02:07:54,-07:00,2026-05-06T02:07:54-07:00,2,0
meta\main.js,72,js,37420e6e,Johny Nguyen,2026-05-06,02:07:54,-07:00,2026-05-06T02:07:54-07:00,0,0
meta\main.js,73,js,37420e6e,Johny Nguyen,2026-05-06,02:07:54,-07:00,2026-05-06T02:07:54-07:00,2,60
meta\main.js,74,js,37420e6e,Johny Nguyen,2026-05-06,02:07:54,-07:00,2026-05-06T02:07:54-07:00,0,0
meta\main.js,75,js,37420e6e,Johny Nguyen,2026-05-06,02:07:54,-07:00,2026-05-06T02:07:54-07:00,1,40
meta\main.js,76,js,37420e6e,Johny Nguyen,2026-05-06,02:07:54,-07:00,2026-05-06T02:07:54-07:00,1,30
meta\main.js,77,js,37420e6e,Johny Nguyen,2026-05-06,02:07:54,-07:00,2026-05-06T02:07:54-07:00,0,0
meta\main.js,78,js,37420e6e,Johny Nguyen,2026-05-06,02:07:54,-07:00,2026-05-06T02:07:54-07:00,1,20
meta\main.js,79,js,37420e6e,Johny Nguyen,2026-05-06,02:07:54,-07:00,2026-05-06T02:07:54-07:00,1,29
meta\main.js,80,js,37420e6e,Johny Nguyen,2026-05-06,02:07:54,-07:00,2026-05-06T02:07:54-07:00,1,3
meta\main.js,81,js,37420e6e,Johny Nguyen,2026-05-06,02:07:54,-07:00,2026-05-06T02:07:54-07:00,1,30
meta\main.js,82,js,37420e6e,Johny Nguyen,2026-05-06,02:07:54,-07:00,2026-05-06T02:07:54-07:00,1,12
meta\main.js,83,js,37420e6e,Johny Nguyen,2026-05-06,02:07:54,-07:00,2026-05-06T02:07:54-07:00,0,0
meta\main.js,84,js,37420e6e,Johny Nguyen,2026-05-06,02:07:54,-07:00,2026-05-06T02:07:54-07:00,1,42
meta\main.js,85,js,37420e6e,Johny Nguyen,2026-05-06,02:07:54,-07:00,2026-05-06T02:07:54-07:00,1,54
meta\main.js,86,js,37420e6e,Johny Nguyen,2026-05-06,02:07:54,-07:00,2026-05-06T02:07:54-07:00,0,0
meta\main.js,87,js,37420e6e,Johny Nguyen,2026-05-06,02:07:54,-07:00,2026-05-06T02:07:54-07:00,0,0
meta\main.js,88,js,37420e6e,Johny Nguyen,2026-05-06,02:07:54,-07:00,2026-05-06T02:07:54-07:00,0,0
meta\main.js,89,js,37420e6e,Johny Nguyen,2026-05-06,02:07:54,-07:00,2026-05-06T02:07:54-07:00,0,41
meta\main.js,90,js,37420e6e,Johny Nguyen,2026-05-06,02:07:54,-07:00,2026-05-06T02:07:54-07:00,1,50
meta\main.js,91,js,37420e6e,Johny Nguyen,2026-05-06,02:07:54,-07:00,2026-05-06T02:07:54-07:00,1,17
meta\main.js,92,js,37420e6e,Johny Nguyen,2026-05-06,02:07:54,-07:00,2026-05-06T02:07:54-07:00,1,17
meta\main.js,93,js,37420e6e,Johny Nguyen,2026-05-06,02:07:54,-07:00,2026-05-06T02:07:54-07:00,1,12
meta\main.js,94,js,37420e6e,Johny Nguyen,2026-05-06,02:07:54,-07:00,2026-05-06T02:07:54-07:00,1,15
meta\main.js,95,js,37420e6e,Johny Nguyen,2026-05-06,02:07:54,-07:00,2026-05-06T02:07:54-07:00,1,12
meta\main.js,96,js,37420e6e,Johny Nguyen,2026-05-06,02:07:54,-07:00,2026-05-06T02:07:54-07:00,1,40
meta\main.js,97,js,37420e6e,Johny Nguyen,2026-05-06,02:07:54,-07:00,2026-05-06T02:07:54-07:00,1,28
meta\main.js,98,js,37420e6e,Johny Nguyen,2026-05-06,02:07:54,-07:00,2026-05-06T02:07:54-07:00,0,0
meta\main.js,99,js,37420e6e,Johny Nguyen,2026-05-06,02:07:54,-07:00,2026-05-06T02:07:54-07:00,0,0
meta\main.js,100,js,00000000,Not Committed Yet,2026-05-06,21:17:45,-07:00,2026-05-06T21:17:45-07:00,1,9
meta\main.js,101,js,37420e6e,Johny Nguyen,2026-05-06,02:07:54,-07:00,2026-05-06T02:07:54-07:00,1,10
meta\main.js,102,js,37420e6e,Johny Nguyen,2026-05-06,02:07:54,-07:00,2026-05-06T02:07:54-07:00,1,44
meta\main.js,103,js,37420e6e,Johny Nguyen,2026-05-06,02:07:54,-07:00,2026-05-06T02:07:54-07:00,1,16
meta\main.js,104,js,37420e6e,Johny Nguyen,2026-05-06,02:07:54,-07:00,2026-05-06T02:07:54-07:00,1,6
meta\main.js,105,js,37420e6e,Johny Nguyen,2026-05-06,02:07:54,-07:00,2026-05-06T02:07:54-07:00,0,0
meta\main.js,106,js,00000000,Not Committed Yet,2026-05-06,21:17:45,-07:00,2026-05-06T21:17:45-07:00,1,59
meta\main.js,107,js,37420e6e,Johny Nguyen,2026-05-06,02:07:54,-07:00,2026-05-06T02:07:54-07:00,1,0
meta\main.js,108,js,37420e6e,Johny Nguyen,2026-05-06,02:07:54,-07:00,2026-05-06T02:07:54-07:00,1,49
meta\main.js,109,js,37420e6e,Johny Nguyen,2026-05-06,02:07:54,-07:00,2026-05-06T02:07:54-07:00,0,0
meta\main.js,110,js,3f44704b,Johny Nguyen,2026-05-06,19:30:23,-07:00,2026-05-06T19:30:23-07:00,1,5
meta\main.js,111,js,3f44704b,Johny Nguyen,2026-05-06,19:30:23,-07:00,2026-05-06T19:30:23-07:00,1,21
meta\main.js,112,js,3f44704b,Johny Nguyen,2026-05-06,19:30:23,-07:00,2026-05-06T19:30:23-07:00,1,15
meta\main.js,113,js,3f44704b,Johny Nguyen,2026-05-06,19:30:23,-07:00,2026-05-06T19:30:23-07:00,1,16
meta\main.js,114,js,3f44704b,Johny Nguyen,2026-05-06,19:30:23,-07:00,2026-05-06T19:30:23-07:00,1,39
meta\main.js,115,js,3f44704b,Johny Nguyen,2026-05-06,19:30:23,-07:00,2026-05-06T19:30:23-07:00,1,39
meta\main.js,116,js,3f44704b,Johny Nguyen,2026-05-06,19:30:23,-07:00,2026-05-06T19:30:23-07:00,1,14
meta\main.js,117,js,3f44704b,Johny Nguyen,2026-05-06,19:30:23,-07:00,2026-05-06T19:30:23-07:00,1,28
meta\main.js,118,js,37420e6e,Johny Nguyen,2026-05-06,02:07:54,-07:00,2026-05-06T02:07:54-07:00,0,0
meta\main.js,119,js,37420e6e,Johny Nguyen,2026-05-06,02:07:54,-07:00,2026-05-06T02:07:54-07:00,1,58
meta\main.js,120,js,37420e6e,Johny Nguyen,2026-05-06,02:07:54,-07:00,2026-05-06T02:07:54-07:00,0,0
meta\main.js,121,js,37420e6e,Johny Nguyen,2026-05-06,02:07:54,-07:00,2026-05-06T02:07:54-07:00,1,18
meta\main.js,122,js,37420e6e,Johny Nguyen,2026-05-06,02:07:54,-07:00,2026-05-06T02:07:54-07:00,1,14
meta\main.js,123,js,37420e6e,Johny Nguyen,2026-05-06,02:07:54,-07:00,2026-05-06T02:07:54-07:00,1,26
meta\main.js,124,js,37420e6e,Johny Nguyen,2026-05-06,02:07:54,-07:00,2026-05-06T02:07:54-07:00,1,29
meta\main.js,125,js,37420e6e,Johny Nguyen,2026-05-06,02:07:54,-07:00,2026-05-06T02:07:54-07:00,1,16
meta\main.js,126,js,37420e6e,Johny Nguyen,2026-05-06,02:07:54,-07:00,2026-05-06T02:07:54-07:00,1,40
meta\main.js,127,js,37420e6e,Johny Nguyen,2026-05-06,02:07:54,-07:00,2026-05-06T02:07:54-07:00,1,42
meta\main.js,128,js,37420e6e,Johny Nguyen,2026-05-06,02:07:54,-07:00,2026-05-06T02:07:54-07:00,1,0
meta\main.js,129,js,37420e6e,Johny Nguyen,2026-05-06,02:07:54,-07:00,2026-05-06T02:07:54-07:00,0,0
meta\main.js,130,js,37420e6e,Johny Nguyen,2026-05-06,02:07:54,-07:00,2026-05-06T02:07:54-07:00,0,30
meta\main.js,131,js,37420e6e,Johny Nguyen,2026-05-06,02:07:54,-07:00,2026-05-06T02:07:54-07:00,1,48
meta\main.js,132,js,37420e6e,Johny Nguyen,2026-05-06,02:07:54,-07:00,2026-05-06T02:07:54-07:00,1,48
meta\main.js,133,js,37420e6e,Johny Nguyen,2026-05-06,02:07:54,-07:00,2026-05-06T02:07:54-07:00,0,0
meta\main.js,134,js,37420e6e,Johny Nguyen,2026-05-06,02:07:54,-07:00,2026-05-06T02:07:54-07:00,1,16
meta\main.js,135,js,37420e6e,Johny Nguyen,2026-05-06,02:07:54,-07:00,2026-05-06T02:07:54-07:00,0,34
meta\main.js,136,js,37420e6e,Johny Nguyen,2026-05-06,02:07:54,-07:00,2026-05-06T02:07:54-07:00,0,14
meta\main.js,137,js,37420e6e,Johny Nguyen,2026-05-06,02:07:54,-07:00,2026-05-06T02:07:54-07:00,1,15
meta\main.js,138,js,37420e6e,Johny Nguyen,2026-05-06,02:07:54,-07:00,2026-05-06T02:07:54-07:00,1,58
meta\main.js,139,js,37420e6e,Johny Nguyen,2026-05-06,02:07:54,-07:00,2026-05-06T02:07:54-07:00,0,0
meta\main.js,140,js,37420e6e,Johny Nguyen,2026-05-06,02:07:54,-07:00,2026-05-06T02:07:54-07:00,0,30
meta\main.js,141,js,37420e6e,Johny Nguyen,2026-05-06,02:07:54,-07:00,2026-05-06T02:07:54-07:00,0,19
meta\main.js,142,js,37420e6e,Johny Nguyen,2026-05-06,02:07:54,-07:00,2026-05-06T02:07:54-07:00,1,10
meta\main.js,143,js,37420e6e,Johny Nguyen,2026-05-06,02:07:54,-07:00,2026-05-06T02:07:54-07:00,1,25
meta\main.js,144,js,37420e6e,Johny Nguyen,2026-05-06,02:07:54,-07:00,2026-05-06T02:07:54-07:00,1,53
meta\main.js,145,js,37420e6e,Johny Nguyen,2026-05-06,02:07:54,-07:00,2026-05-06T02:07:54-07:00,2,0
meta\main.js,146,js,37420e6e,Johny Nguyen,2026-05-06,02:07:54,-07:00,2026-05-06T02:07:54-07:00,0,64
meta\main.js,147,js,37420e6e,Johny Nguyen,2026-05-06,02:07:54,-07:00,2026-05-06T02:07:54-07:00,0,77
meta\main.js,148,js,37420e6e,Johny Nguyen,2026-05-06,02:07:54,-07:00,2026-05-06T02:07:54-07:00,1,0
meta\main.js,149,js,37420e6e,Johny Nguyen,2026-05-06,02:07:54,-07:00,2026-05-06T02:07:54-07:00,0,11
meta\main.js,150,js,37420e6e,Johny Nguyen,2026-05-06,02:07:54,-07:00,2026-05-06T02:07:54-07:00,0,1
meta\main.js,151,js,37420e6e,Johny Nguyen,2026-05-06,02:07:54,-07:00,2026-05-06T02:07:54-07:00,1,10
meta\main.js,152,js,37420e6e,Johny Nguyen,2026-05-06,02:07:54,-07:00,2026-05-06T02:07:54-07:00,1,54
meta\main.js,153,js,37420e6e,Johny Nguyen,2026-05-06,02:07:54,-07:00,2026-05-06T02:07:54-07:00,1,11
meta\main.js,154,js,37420e6e,Johny Nguyen,2026-05-06,02:07:54,-07:00,2026-05-06T02:07:54-07:00,0,0
meta\main.js,155,js,37420e6e,Johny Nguyen,2026-05-06,02:07:54,-07:00,2026-05-06T02:07:54-07:00,0,11
meta\main.js,156,js,37420e6e,Johny Nguyen,2026-05-06,02:07:54,-07:00,2026-05-06T02:07:54-07:00,0,1
meta\main.js,157,js,37420e6e,Johny Nguyen,2026-05-06,02:07:54,-07:00,2026-05-06T02:07:54-07:00,1,10
meta\main.js,158,js,37420e6e,Johny Nguyen,2026-05-06,02:07:54,-07:00,2026-05-06T02:07:54-07:00,1,52
meta\main.js,159,js,37420e6e,Johny Nguyen,2026-05-06,02:07:54,-07:00,2026-05-06T02:07:54-07:00,1,11
meta\main.js,160,js,37420e6e,Johny Nguyen,2026-05-06,02:07:54,-07:00,2026-05-06T02:07:54-07:00,0,0
meta\main.js,161,js,3f44704b,Johny Nguyen,2026-05-06,19:30:23,-07:00,2026-05-06T19:30:23-07:00,0,67
meta\main.js,162,js,3f44704b,Johny Nguyen,2026-05-06,19:30:23,-07:00,2026-05-06T19:30:23-07:00,0,73
meta\main.js,163,js,3f44704b,Johny Nguyen,2026-05-06,19:30:23,-07:00,2026-05-06T19:30:23-07:00,0,0
meta\main.js,164,js,3f44704b,Johny Nguyen,2026-05-06,19:30:23,-07:00,2026-05-06T19:30:23-07:00,0,48
meta\main.js,165,js,3f44704b,Johny Nguyen,2026-05-06,19:30:23,-07:00,2026-05-06T19:30:23-07:00,0,59
meta\main.js,166,js,3f44704b,Johny Nguyen,2026-05-06,19:30:23,-07:00,2026-05-06T19:30:23-07:00,0,0
meta\main.js,167,js,3f44704b,Johny Nguyen,2026-05-06,19:30:23,-07:00,2026-05-06T19:30:23-07:00,1,55
meta\main.js,168,js,3f44704b,Johny Nguyen,2026-05-06,19:30:23,-07:00,2026-05-06T19:30:23-07:00,0,58
meta\main.js,169,js,3f44704b,Johny Nguyen,2026-05-06,19:30:23,-07:00,2026-05-06T19:30:23-07:00,0,0
meta\main.js,170,js,3f44704b,Johny Nguyen,2026-05-06,19:30:23,-07:00,2026-05-06T19:30:23-07:00,0,2
meta\main.js,171,js,3f44704b,Johny Nguyen,2026-05-06,19:30:23,-07:00,2026-05-06T19:30:23-07:00,1,18
meta\main.js,172,js,3f44704b,Johny Nguyen,2026-05-06,19:30:23,-07:00,2026-05-06T19:30:23-07:00,1,18
meta\main.js,173,js,3f44704b,Johny Nguyen,2026-05-06,19:30:23,-07:00,2026-05-06T19:30:23-07:00,1,13
meta\main.js,174,js,3f44704b,Johny Nguyen,2026-05-06,19:30:23,-07:00,2026-05-06T19:30:23-07:00,1,36
meta\main.js,175,js,3f44704b,Johny Nguyen,2026-05-06,19:30:23,-07:00,2026-05-06T19:30:23-07:00,1,36
meta\main.js,176,js,3f44704b,Johny Nguyen,2026-05-06,19:30:23,-07:00,2026-05-06T19:30:23-07:00,1,37
meta\main.js,177,js,00000000,Not Committed Yet,2026-05-06,21:17:45,-07:00,2026-05-06T21:17:45-07:00,1,24
meta\main.js,178,js,3f44704b,Johny Nguyen,2026-05-06,19:30:23,-07:00,2026-05-06T19:30:23-07:00,1,66
meta\main.js,179,js,3f44704b,Johny Nguyen,2026-05-06,19:30:23,-07:00,2026-05-06T19:30:23-07:00,1,36
meta\main.js,180,js,3f44704b,Johny Nguyen,2026-05-06,19:30:23,-07:00,2026-05-06T19:30:23-07:00,2,79
meta\main.js,181,js,3f44704b,Johny Nguyen,2026-05-06,19:30:23,-07:00,2026-05-06T19:30:23-07:00,2,27
meta\main.js,182,js,3f44704b,Johny Nguyen,2026-05-06,19:30:23,-07:00,2026-05-06T19:30:23-07:00,2,28
meta\main.js,183,js,3f44704b,Johny Nguyen,2026-05-06,19:30:23,-07:00,2026-05-06T19:30:23-07:00,2,27
meta\main.js,184,js,3f44704b,Johny Nguyen,2026-05-06,19:30:23,-07:00,2026-05-06T19:30:23-07:00,1,0
meta\main.js,185,js,3f44704b,Johny Nguyen,2026-05-06,19:30:23,-07:00,2026-05-06T19:30:23-07:00,1,28
meta\main.js,186,js,00000000,Not Committed Yet,2026-05-06,21:17:45,-07:00,2026-05-06T21:17:45-07:00,2,56
meta\main.js,187,js,3f44704b,Johny Nguyen,2026-05-06,19:30:23,-07:00,2026-05-06T19:30:23-07:00,2,29
meta\main.js,188,js,3f44704b,Johny Nguyen,2026-05-06,19:30:23,-07:00,2026-05-06T19:30:23-07:00,1,1
meta\main.js,189,js,3f44704b,Johny Nguyen,2026-05-06,19:30:23,-07:00,2026-05-06T19:30:23-07:00,0,0
meta\main.js,190,js,00000000,Not Committed Yet,2026-05-06,21:17:45,-07:00,2026-05-06T21:17:45-07:00,1,13
meta\main.js,191,js,00000000,Not Committed Yet,2026-05-06,21:17:45,-07:00,2026-05-06T21:17:45-07:00,1,50
meta\main.js,192,js,00000000,Not Committed Yet,2026-05-06,21:17:45,-07:00,2026-05-06T21:17:45-07:00,0,0
meta\main.js,193,js,00000000,Not Committed Yet,2026-05-06,21:17:45,-07:00,2026-05-06T21:17:45-07:00,1,40
meta\main.js,194,js,00000000,Not Committed Yet,2026-05-06,21:17:45,-07:00,2026-05-06T21:17:45-07:00,1,43
meta\main.js,195,js,3f44704b,Johny Nguyen,2026-05-06,19:30:23,-07:00,2026-05-06T19:30:23-07:00,0,0
meta\main.js,196,js,3f44704b,Johny Nguyen,2026-05-06,19:30:23,-07:00,2026-05-06T19:30:23-07:00,0,0
meta\main.js,197,js,3f44704b,Johny Nguyen,2026-05-06,19:30:23,-07:00,2026-05-06T19:30:23-07:00,0,0
meta\main.js,198,js,3f44704b,Johny Nguyen,2026-05-06,19:30:23,-07:00,2026-05-06T19:30:23-07:00,0,0
meta\main.js,199,js,3f44704b,Johny Nguyen,2026-05-06,19:30:23,-07:00,2026-05-06T19:30:23-07:00,0,0
meta\main.js,200,js,3f44704b,Johny Nguyen,2026-05-06,19:30:23,-07:00,2026-05-06T19:30:23-07:00,0,37
meta\main.js,201,js,3f44704b,Johny Nguyen,2026-05-06,19:30:23,-07:00,2026-05-06T19:30:23-07:00,1,50
meta\main.js,202,js,3f44704b,Johny Nguyen,2026-05-06,19:30:23,-07:00,2026-05-06T19:30:23-07:00,1,50
meta\main.js,203,js,3f44704b,Johny Nguyen,2026-05-06,19:30:23,-07:00,2026-05-06T19:30:23-07:00,0,0
meta\main.js,204,js,3f44704b,Johny Nguyen,2026-05-06,19:30:23,-07:00,2026-05-06T19:30:23-07:00,1,43
meta\main.js,205,js,3f44704b,Johny Nguyen,2026-05-06,19:30:23,-07:00,2026-05-06T19:30:23-07:00,0,0
meta\main.js,206,js,3f44704b,Johny Nguyen,2026-05-06,19:30:23,-07:00,2026-05-06T19:30:23-07:00,1,21
meta\main.js,207,js,3f44704b,Johny Nguyen,2026-05-06,19:30:23,-07:00,2026-05-06T19:30:23-07:00,1,27
meta\main.js,208,js,3f44704b,Johny Nguyen,2026-05-06,19:30:23,-07:00,2026-05-06T19:30:23-07:00,1,56
meta\main.js,209,js,3f44704b,Johny Nguyen,2026-05-06,19:30:23,-07:00,2026-05-06T19:30:23-07:00,2,16
meta\main.js,210,js,3f44704b,Johny Nguyen,2026-05-06,19:30:23,-07:00,2026-05-06T19:30:23-07:00,1,1
meta\main.js,211,js,3f44704b,Johny Nguyen,2026-05-06,19:30:23,-07:00,2026-05-06T19:30:23-07:00,0,0
meta\main.js,212,js,3f44704b,Johny Nguyen,2026-05-06,19:30:23,-07:00,2026-05-06T19:30:23-07:00,0,0
meta\main.js,213,js,3f44704b,Johny Nguyen,2026-05-06,19:30:23,-07:00,2026-05-06T19:30:23-07:00,0,18
meta\main.js,214,js,3f44704b,Johny Nguyen,2026-05-06,19:30:23,-07:00,2026-05-06T19:30:23-07:00,0,43
meta\main.js,215,js,3f44704b,Johny Nguyen,2026-05-06,19:30:23,-07:00,2026-05-06T19:30:23-07:00,1,56
meta\main.js,216,js,3f44704b,Johny Nguyen,2026-05-06,19:30:23,-07:00,2026-05-06T19:30:23-07:00,1,26
meta\main.js,217,js,3f44704b,Johny Nguyen,2026-05-06,19:30:23,-07:00,2026-05-06T19:30:23-07:00,0,0
meta\main.js,218,js,37420e6e,Johny Nguyen,2026-05-06,02:07:54,-07:00,2026-05-06T02:07:54-07:00,0,0
meta\main.js,219,js,3f44704b,Johny Nguyen,2026-05-06,19:30:23,-07:00,2026-05-06T19:30:23-07:00,0,16
meta\main.js,220,js,3f44704b,Johny Nguyen,2026-05-06,19:30:23,-07:00,2026-05-06T19:30:23-07:00,0,37
meta\main.js,221,js,3f44704b,Johny Nguyen,2026-05-06,19:30:23,-07:00,2026-05-06T19:30:23-07:00,1,56
meta\main.js,222,js,3f44704b,Johny Nguyen,2026-05-06,19:30:23,-07:00,2026-05-06T19:30:23-07:00,1,40
meta\main.js,223,js,3f44704b,Johny Nguyen,2026-05-06,19:30:23,-07:00,2026-05-06T19:30:23-07:00,1,39
meta\main.js,224,js,37420e6e,Johny Nguyen,2026-05-06,02:07:54,-07:00,2026-05-06T02:07:54-07:00,0,0
meta\main.js,225,js,37420e6e,Johny Nguyen,2026-05-06,02:07:54,-07:00,2026-05-06T02:07:54-07:00,0,0
meta\main.js,226,js,00000000,Not Committed Yet,2026-05-06,21:17:45,-07:00,2026-05-06T21:17:45-07:00,0,21
meta\main.js,227,js,00000000,Not Committed Yet,2026-05-06,21:17:45,-07:00,2026-05-06T21:17:45-07:00,0,23
meta\main.js,228,js,00000000,Not Committed Yet,2026-05-06,21:17:45,-07:00,2026-05-06T21:17:45-07:00,1,32
meta\main.js,229,js,00000000,Not Committed Yet,2026-05-06,21:17:45,-07:00,2026-05-06T21:17:45-07:00,1,47
meta\main.js,230,js,00000000,Not Committed Yet,2026-05-06,21:17:45,-07:00,2026-05-06T21:17:45-07:00,2,29
meta\main.js,231,js,00000000,Not Committed Yet,2026-05-06,21:17:45,-07:00,2026-05-06T21:17:45-07:00,1,0
meta\main.js,232,js,00000000,Not Committed Yet,2026-05-06,21:17:45,-07:00,2026-05-06T21:17:45-07:00,1,30
meta\main.js,233,js,00000000,Not Committed Yet,2026-05-06,21:17:45,-07:00,2026-05-06T21:17:45-07:00,1,33
meta\main.js,234,js,00000000,Not Committed Yet,2026-05-06,21:17:45,-07:00,2026-05-06T21:17:45-07:00,0,0
meta\main.js,235,js,00000000,Not Committed Yet,2026-05-06,21:17:45,-07:00,2026-05-06T21:17:45-07:00,0,0
meta\main.js,236,js,00000000,Not Committed Yet,2026-05-06,21:17:45,-07:00,2026-05-06T21:17:45-07:00,0,44
meta\main.js,237,js,00000000,Not Committed Yet,2026-05-06,21:17:45,-07:00,2026-05-06T21:17:45-07:00,1,15
meta\main.js,238,js,00000000,Not Committed Yet,2026-05-06,21:17:45,-07:00,2026-05-06T21:17:45-07:00,2,11
meta\main.js,239,js,00000000,Not Committed Yet,2026-05-06,21:17:45,-07:00,2026-05-06T21:17:45-07:00,1,0
meta\main.js,240,js,00000000,Not Committed Yet,2026-05-06,21:17:45,-07:00,2026-05-06T21:17:45-07:00,0,0
meta\main.js,241,js,00000000,Not Committed Yet,2026-05-06,21:17:45,-07:00,2026-05-06T21:17:45-07:00,1,42
meta\main.js,242,js,00000000,Not Committed Yet,2026-05-06,21:17:45,-07:00,2026-05-06T21:17:45-07:00,1,42
meta\main.js,243,js,00000000,Not Committed Yet,2026-05-06,21:17:45,-07:00,2026-05-06T21:17:45-07:00,1,32
meta\main.js,244,js,00000000,Not Committed Yet,2026-05-06,21:17:45,-07:00,2026-05-06T21:17:45-07:00,1,32
meta\main.js,245,js,00000000,Not Committed Yet,2026-05-06,21:17:45,-07:00,2026-05-06T21:17:45-07:00,0,0
meta\main.js,246,js,00000000,Not Committed Yet,2026-05-06,21:17:45,-07:00,2026-05-06T21:17:45-07:00,1,46
meta\main.js,247,js,00000000,Not Committed Yet,2026-05-06,21:17:45,-07:00,2026-05-06T21:17:45-07:00,0,0
meta\main.js,248,js,00000000,Not Committed Yet,2026-05-06,21:17:45,-07:00,2026-05-06T21:17:45-07:00,0,0
meta\main.js,249,js,00000000,Not Committed Yet,2026-05-06,21:17:45,-07:00,2026-05-06T21:17:45-07:00,0,40
meta\main.js,250,js,00000000,Not Committed Yet,2026-05-06,21:17:45,-07:00,2026-05-06T21:17:45-07:00,1,31
meta\main.js,251,js,00000000,Not Committed Yet,2026-05-06,21:17:45,-07:00,2026-05-06T21:17:45-07:00,2,53
meta\main.js,252,js,00000000,Not Committed Yet,2026-05-06,21:17:45,-07:00,2026-05-06T21:17:45-07:00,2,3
meta\main.js,253,js,00000000,Not Committed Yet,2026-05-06,21:17:45,-07:00,2026-05-06T21:17:45-07:00,0,0
meta\main.js,254,js,00000000,Not Committed Yet,2026-05-06,21:17:45,-07:00,2026-05-06T21:17:45-07:00,1,62
meta\main.js,255,js,00000000,Not Committed Yet,2026-05-06,21:17:45,-07:00,2026-05-06T21:17:45-07:00,1,28
meta\main.js,256,js,00000000,Not Committed Yet,2026-05-06,21:17:45,-07:00,2026-05-06T21:17:45-07:00,2,28
meta\main.js,257,js,00000000,Not Committed Yet,2026-05-06,21:17:45,-07:00,2026-05-06T21:17:45-07:00,1,18
meta\main.js,258,js,00000000,Not Committed Yet,2026-05-06,21:17:45,-07:00,2026-05-06T21:17:45-07:00,0,0
meta\main.js,259,js,00000000,Not Committed Yet,2026-05-06,21:17:45,-07:00,2026-05-06T21:17:45-07:00,1,21
meta\main.js,260,js,00000000,Not Committed Yet,2026-05-06,21:17:45,-07:00,2026-05-06T21:17:45-07:00,0,0
meta\main.js,261,js,00000000,Not Committed Yet,2026-05-06,21:17:45,-07:00,2026-05-06T21:17:45-07:00,0,0
meta\main.js,262,js,00000000,Not Committed Yet,2026-05-06,21:17:45,-07:00,2026-05-06T21:17:45-07:00,0,43
meta\main.js,263,js,00000000,Not Committed Yet,2026-05-06,21:17:45,-07:00,2026-05-06T21:17:45-07:00,1,31
meta\main.js,264,js,00000000,Not Committed Yet,2026-05-06,21:17:45,-07:00,2026-05-06T21:17:45-07:00,2,53
meta\main.js,265,js,00000000,Not Committed Yet,2026-05-06,21:17:45,-07:00,2026-05-06T21:17:45-07:00,2,3
meta\main.js,266,js,00000000,Not Committed Yet,2026-05-06,21:17:45,-07:00,2026-05-06T21:17:45-07:00,1,62
meta\main.js,267,js,00000000,Not Committed Yet,2026-05-06,21:17:45,-07:00,2026-05-06T21:17:45-07:00,0,0
meta\main.js,268,js,00000000,Not Committed Yet,2026-05-06,21:17:45,-07:00,2026-05-06T21:17:45-07:00,1,33
meta\main.js,269,js,00000000,Not Committed Yet,2026-05-06,21:17:45,-07:00,2026-05-06T21:17:45-07:00,2,23
meta\main.js,270,js,00000000,Not Committed Yet,2026-05-06,21:17:45,-07:00,2026-05-06T21:17:45-07:00,2,5
meta\main.js,271,js,00000000,Not Committed Yet,2026-05-06,21:17:45,-07:00,2026-05-06T21:17:45-07:00,1,0
meta\main.js,272,js,00000000,Not Committed Yet,2026-05-06,21:17:45,-07:00,2026-05-06T21:17:45-07:00,1,73
meta\main.js,273,js,00000000,Not Committed Yet,2026-05-06,21:17:45,-07:00,2026-05-06T21:17:45-07:00,1,52
meta\main.js,274,js,00000000,Not Committed Yet,2026-05-06,21:17:45,-07:00,2026-05-06T21:17:45-07:00,0,0
meta\main.js,275,js,00000000,Not Committed Yet,2026-05-06,21:17:45,-07:00,2026-05-06T21:17:45-07:00,1,42
meta\main.js,276,js,00000000,Not Committed Yet,2026-05-06,21:17:45,-07:00,2026-05-06T21:17:45-07:00,1,26
meta\main.js,277,js,00000000,Not Committed Yet,2026-05-06,21:17:45,-07:00,2026-05-06T21:17:45-07:00,2,4
meta\main.js,278,js,00000000,Not Committed Yet,2026-05-06,21:17:45,-07:00,2026-05-06T21:17:45-07:00,2,14
meta\main.js,279,js,00000000,Not Committed Yet,2026-05-06,21:17:45,-07:00,2026-05-06T21:17:45-07:00,2,12
meta\main.js,280,js,00000000,Not Committed Yet,2026-05-06,21:17:45,-07:00,2026-05-06T21:17:45-07:00,1,0
meta\main.js,281,js,00000000,Not Committed Yet,2026-05-06,21:17:45,-07:00,2026-05-06T21:17:45-07:00,0,0
meta\main.js,282,js,00000000,Not Committed Yet,2026-05-06,21:17:45,-07:00,2026-05-06T21:17:45-07:00,1,26
meta\main.js,283,js,00000000,Not Committed Yet,2026-05-06,21:17:45,-07:00,2026-05-06T21:17:45-07:00,1,23
meta\main.js,284,js,00000000,Not Committed Yet,2026-05-06,21:17:45,-07:00,2026-05-06T21:17:45-07:00,0,0
meta\main.js,285,js,00000000,Not Committed Yet,2026-05-06,21:17:45,-07:00,2026-05-06T21:17:45-07:00,1,42
meta\main.js,286,js,00000000,Not Committed Yet,2026-05-06,21:17:45,-07:00,2026-05-06T21:17:45-07:00,2,38
meta\main.js,287,js,00000000,Not Committed Yet,2026-05-06,21:17:45,-07:00,2026-05-06T21:17:45-07:00,2,46
meta\main.js,288,js,00000000,Not Committed Yet,2026-05-06,21:17:45,-07:00,2026-05-06T21:17:45-07:00,0,0
meta\main.js,289,js,00000000,Not Committed Yet,2026-05-06,21:17:45,-07:00,2026-05-06T21:17:45-07:00,2,22
meta\main.js,290,js,00000000,Not Committed Yet,2026-05-06,21:17:45,-07:00,2026-05-06T21:17:45-07:00,6,18
meta\main.js,291,js,00000000,Not Committed Yet,2026-05-06,21:17:45,-07:00,2026-05-06T21:17:45-07:00,6,36
meta\main.js,292,js,00000000,Not Committed Yet,2026-05-06,21:17:45,-07:00,2026-05-06T21:17:45-07:00,4,0
meta\main.js,293,js,00000000,Not Committed Yet,2026-05-06,21:17:45,-07:00,2026-05-06T21:17:45-07:00,1,0
meta\main.js,294,js,00000000,Not Committed Yet,2026-05-06,21:17:45,-07:00,2026-05-06T21:17:45-07:00,0,0
meta\main.js,295,js,00000000,Not Committed Yet,2026-05-06,21:17:45,-07:00,2026-05-06T21:17:45-07:00,0,0
meta\main.js,296,js,00000000,Not Committed Yet,2026-05-06,21:17:45,-07:00,2026-05-06T21:17:45-07:00,0,0
meta\main.js,297,js,00000000,Not Committed Yet,2026-05-06,21:17:45,-07:00,2026-05-06T21:17:45-07:00,0,0
meta\main.js,298,js,37420e6e,Johny Nguyen,2026-05-06,02:07:54,-07:00,2026-05-06T02:07:54-07:00,0,0
meta\main.js,299,js,37420e6e,Johny Nguyen,2026-05-06,02:07:54,-07:00,2026-05-06T02:07:54-07:00,0,26
meta\main.js,300,js,37420e6e,Johny Nguyen,2026-05-06,02:07:54,-07:00,2026-05-06T02:07:54-07:00,0,0
meta\main.js,301,js,37420e6e,Johny Nguyen,2026-05-06,02:07:54,-07:00,2026-05-06T02:07:54-07:00,0,33
meta\main.js,302,js,37420e6e,Johny Nguyen,2026-05-06,02:07:54,-07:00,2026-05-06T02:07:54-07:00,0,0
meta\main.js,303,js,00000000,Not Committed Yet,2026-05-06,21:17:45,-07:00,2026-05-06T21:17:45-07:00,0,0
meta\main.js,304,js,00000000,Not Committed Yet,2026-05-06,21:17:45,-07:00,2026-05-06T21:17:45-07:00,0,0
meta\main.js,305,js,00000000,Not Committed Yet,2026-05-06,21:17:45,-07:00,2026-05-06T21:17:45-07:00,0,0
meta\main.js,306,js,00000000,Not Committed Yet,2026-05-06,21:17:45,-07:00,2026-05-06T21:17:45-07:00,0,0
meta\main.js,307,js,37420e6e,Johny Nguyen,2026-05-06,02:07:54,-07:00,2026-05-06T02:07:54-07:00,0,30
meta\main.js,308,js,37420e6e,Johny Nguyen,2026-05-06,02:07:54,-07:00,2026-05-06T02:07:54-07:00,0,31
meta\main.js,309,js,37420e6e,Johny Nguyen,2026-05-06,02:07:54,-07:00,2026-05-06T02:07:54-07:00,0,0
meta\index.html,1,html,c16f737a,Johny Nguyen,2026-05-06,01:14:58,-07:00,2026-05-06T01:14:58-07:00,0,13
meta\index.html,2,html,c16f737a,Johny Nguyen,2026-05-06,01:14:58,-07:00,2026-05-06T01:14:58-07:00,0,14
meta\index.html,3,html,c16f737a,Johny Nguyen,2026-05-06,01:14:58,-07:00,2026-05-06T01:14:58-07:00,0,4
meta\index.html,4,html,c16f737a,Johny Nguyen,2026-05-06,01:14:58,-07:00,2026-05-06T01:14:58-07:00,2,20
meta\index.html,5,html,c16f737a,Johny Nguyen,2026-05-06,01:14:58,-07:00,2026-05-06T01:14:58-07:00,2,68
meta\index.html,6,html,c16f737a,Johny Nguyen,2026-05-06,01:14:58,-07:00,2026-05-06T01:14:58-07:00,2,21
meta\index.html,7,html,c16f737a,Johny Nguyen,2026-05-06,01:14:58,-07:00,2026-05-06T01:14:58-07:00,2,45
meta\index.html,8,html,c16f737a,Johny Nguyen,2026-05-06,01:14:58,-07:00,2026-05-06T01:14:58-07:00,2,48
meta\index.html,9,html,c16f737a,Johny Nguyen,2026-05-06,01:14:58,-07:00,2026-05-06T01:14:58-07:00,2,49
meta\index.html,10,html,c16f737a,Johny Nguyen,2026-05-06,01:14:58,-07:00,2026-05-06T01:14:58-07:00,0,5
meta\index.html,11,html,c16f737a,Johny Nguyen,2026-05-06,01:14:58,-07:00,2026-05-06T01:14:58-07:00,0,4
meta\index.html,12,html,37420e6e,Johny Nguyen,2026-05-06,02:07:54,-07:00,2026-05-06T02:07:54-07:00,2,14
meta\index.html,13,html,37420e6e,Johny Nguyen,2026-05-06,02:07:54,-07:00,2026-05-06T02:07:54-07:00,2,70
meta\index.html,14,html,c16f737a,Johny Nguyen,2026-05-06,01:14:58,-07:00,2026-05-06T01:14:58-07:00,2,23
meta\index.html,15,html,37420e6e,Johny Nguyen,2026-05-06,02:07:54,-07:00,2026-05-06T02:07:54-07:00,2,0
meta\index.html,16,html,37420e6e,Johny Nguyen,2026-05-06,02:07:54,-07:00,2026-05-06T02:07:54-07:00,2,30
meta\index.html,17,html,37420e6e,Johny Nguyen,2026-05-06,02:07:54,-07:00,2026-05-06T02:07:54-07:00,0,0
meta\index.html,18,html,37420e6e,Johny Nguyen,2026-05-06,02:07:54,-07:00,2026-05-06T02:07:54-07:00,2,22
meta\index.html,19,html,37420e6e,Johny Nguyen,2026-05-06,02:07:54,-07:00,2026-05-06T02:07:54-07:00,0,0
meta\index.html,20,html,00000000,Not Committed Yet,2026-05-06,21:17:45,-07:00,2026-05-06T21:17:45-07:00,2,45
meta\index.html,21,html,3f44704b,Johny Nguyen,2026-05-06,19:30:23,-07:00,2026-05-06T19:30:23-07:00,0,0
meta\index.html,22,html,00000000,Not Committed Yet,2026-05-06,21:17:45,-07:00,2026-05-06T21:17:45-07:00,2,45
meta\index.html,23,html,3f44704b,Johny Nguyen,2026-05-06,19:30:23,-07:00,2026-05-06T19:30:23-07:00,0,0
meta\index.html,24,html,3f44704b,Johny Nguyen,2026-05-06,19:30:23,-07:00,2026-05-06T19:30:23-07:00,2,50
meta\index.html,25,html,3f44704b,Johny Nguyen,2026-05-06,19:30:23,-07:00,2026-05-06T19:30:23-07:00,2,13
meta\index.html,26,html,3f44704b,Johny Nguyen,2026-05-06,19:30:23,-07:00,2026-05-06T19:30:23-07:00,2,2
meta\index.html,27,html,3f44704b,Johny Nguyen,2026-05-06,19:30:23,-07:00,2026-05-06T19:30:23-07:00,4,46
meta\index.html,28,html,3f44704b,Johny Nguyen,2026-05-06,19:30:23,-07:00,2026-05-06T19:30:23-07:00,2,3
meta\index.html,29,html,3f44704b,Johny Nguyen,2026-05-06,19:30:23,-07:00,2026-05-06T19:30:23-07:00,0,0
meta\index.html,30,html,3f44704b,Johny Nguyen,2026-05-06,19:30:23,-07:00,2026-05-06T19:30:23-07:00,2,11
meta\index.html,31,html,3f44704b,Johny Nguyen,2026-05-06,19:30:23,-07:00,2026-05-06T19:30:23-07:00,2,24
meta\index.html,32,html,3f44704b,Johny Nguyen,2026-05-06,19:30:23,-07:00,2026-05-06T19:30:23-07:00,0,0
meta\index.html,33,html,00000000,Not Committed Yet,2026-05-06,21:17:45,-07:00,2026-05-06T21:17:45-07:00,0,0
meta\index.html,34,html,3f44704b,Johny Nguyen,2026-05-06,19:30:23,-07:00,2026-05-06T19:30:23-07:00,1,38
meta\index.html,35,html,3f44704b,Johny Nguyen,2026-05-06,19:30:23,-07:00,2026-05-06T19:30:23-07:00,0,3
meta\index.html,36,html,c16f737a,Johny Nguyen,2026-05-06,01:14:58,-07:00,2026-05-06T01:14:58-07:00,0,5
meta\index.html,37,html,c16f737a,Johny Nguyen,2026-05-06,01:14:58,-07:00,2026-05-06T01:14:58-07:00,0,5
cv\index.html,1,html,e414e0ec,Johny Nguyen,2026-04-02,21:53:21,-07:00,2026-04-02T21:53:21-07:00,0,13
cv\index.html,2,html,e414e0ec,Johny Nguyen,2026-04-02,21:53:21,-07:00,2026-04-02T21:53:21-07:00,0,14
cv\index.html,3,html,e414e0ec,Johny Nguyen,2026-04-02,21:53:21,-07:00,2026-04-02T21:53:21-07:00,0,4
cv\index.html,4,html,e414e0ec,Johny Nguyen,2026-04-02,21:53:21,-07:00,2026-04-02T21:53:21-07:00,2,20
cv\index.html,5,html,e414e0ec,Johny Nguyen,2026-04-02,21:53:21,-07:00,2026-04-02T21:53:21-07:00,2,68
cv\index.html,6,html,e414e0ec,Johny Nguyen,2026-04-02,21:53:21,-07:00,2026-04-02T21:53:21-07:00,2,15
cv\index.html,7,html,4235b5be,Johny Nguyen,2026-04-10,02:21:50,-07:00,2026-04-10T02:21:50-07:00,2,45
cv\index.html,8,html,57955961,Johny Nguyen,2026-04-17,21:43:55,-07:00,2026-04-17T21:43:55-07:00,2,48
cv\index.html,9,html,e414e0ec,Johny Nguyen,2026-04-02,21:53:21,-07:00,2026-04-02T21:53:21-07:00,0,5
cv\index.html,10,html,9c996a30,Johny Nguyen,2026-04-10,13:25:15,-07:00,2026-04-10T13:25:15-07:00,0,0
cv\index.html,11,html,e414e0ec,Johny Nguyen,2026-04-02,21:53:21,-07:00,2026-04-02T21:53:21-07:00,0,4
cv\index.html,12,html,e414e0ec,Johny Nguyen,2026-04-02,21:53:21,-07:00,2026-04-02T21:53:21-07:00,0,0
cv\index.html,13,html,9153d06b,Johny Nguyen,2026-04-17,01:41:31,-07:00,2026-04-17T01:41:31-07:00,2,8
cv\index.html,14,html,e414e0ec,Johny Nguyen,2026-04-02,21:53:21,-07:00,2026-04-02T21:53:21-07:00,4,2
cv\index.html,15,html,e414e0ec,Johny Nguyen,2026-04-02,21:53:21,-07:00,2026-04-02T21:53:21-07:00,6,39
cv\index.html,16,html,e414e0ec,Johny Nguyen,2026-04-02,21:53:21,-07:00,2026-04-02T21:53:21-07:00,6,52
cv\index.html,17,html,e414e0ec,Johny Nguyen,2026-04-02,21:53:21,-07:00,2026-04-02T21:53:21-07:00,6,50
cv\index.html,18,html,e414e0ec,Johny Nguyen,2026-04-02,21:53:21,-07:00,2026-04-02T21:53:21-07:00,6,80
cv\index.html,19,html,9153d06b,Johny Nguyen,2026-04-17,01:41:31,-07:00,2026-04-17T01:41:31-07:00,6,36
cv\index.html,20,html,e414e0ec,Johny Nguyen,2026-04-02,21:53:21,-07:00,2026-04-02T21:53:21-07:00,4,3
cv\index.html,21,html,9153d06b,Johny Nguyen,2026-04-17,01:41:31,-07:00,2026-04-17T01:41:31-07:00,2,8
cv\index.html,22,html,e414e0ec,Johny Nguyen,2026-04-02,21:53:21,-07:00,2026-04-02T21:53:21-07:00,0,0
cv\index.html,23,html,9c996a30,Johny Nguyen,2026-04-10,13:25:15,-07:00,2026-04-10T13:25:15-07:00,2,25
cv\index.html,24,html,9c996a30,Johny Nguyen,2026-04-10,13:25:15,-07:00,2026-04-10T13:25:15-07:00,0,0
cv\index.html,25,html,9c996a30,Johny Nguyen,2026-04-10,13:25:15,-07:00,2026-04-10T13:25:15-07:00,2,33
cv\index.html,26,html,9c996a30,Johny Nguyen,2026-04-10,13:25:15,-07:00,2026-04-10T13:25:15-07:00,2,70
cv\index.html,27,html,e414e0ec,Johny Nguyen,2026-04-02,21:53:21,-07:00,2026-04-02T21:53:21-07:00,0,0
cv\index.html,28,html,e414e0ec,Johny Nguyen,2026-04-02,21:53:21,-07:00,2026-04-02T21:53:21-07:00,2,7
cv\index.html,29,html,e414e0ec,Johny Nguyen,2026-04-02,21:53:21,-07:00,2026-04-02T21:53:21-07:00,4,16
cv\index.html,30,html,2bbdfad9,Johny Nguyen,2026-04-03,21:41:01,-07:00,2026-04-03T21:41:01-07:00,0,0
cv\index.html,31,html,2bbdfad9,Johny Nguyen,2026-04-03,21:41:01,-07:00,2026-04-03T21:41:01-07:00,4,7
cv\index.html,32,html,661d51cf,johny-nguyen,2026-04-10,19:47:38,-07:00,2026-04-10T19:47:38-07:00,4,86
cv\index.html,33,html,661d51cf,johny-nguyen,2026-04-10,19:47:38,-07:00,2026-04-10T19:47:38-07:00,4,64
cv\index.html,34,html,2bbdfad9,Johny Nguyen,2026-04-03,21:41:01,-07:00,2026-04-03T21:41:01-07:00,4,8
cv\index.html,35,html,e414e0ec,Johny Nguyen,2026-04-02,21:53:21,-07:00,2026-04-02T21:53:21-07:00,2,8
cv\index.html,36,html,e414e0ec,Johny Nguyen,2026-04-02,21:53:21,-07:00,2026-04-02T21:53:21-07:00,0,0
cv\index.html,37,html,e414e0ec,Johny Nguyen,2026-04-02,21:53:21,-07:00,2026-04-02T21:53:21-07:00,2,7
cv\index.html,38,html,2bbdfad9,Johny Nguyen,2026-04-03,21:41:01,-07:00,2026-04-03T21:41:01-07:00,4,7
cv\index.html,39,html,e414e0ec,Johny Nguyen,2026-04-02,21:53:21,-07:00,2026-04-02T21:53:21-07:00,4,24
cv\index.html,40,html,e414e0ec,Johny Nguyen,2026-04-02,21:53:21,-07:00,2026-04-02T21:53:21-07:00,4,2
cv\index.html,41,html,e414e0ec,Johny Nguyen,2026-04-02,21:53:21,-07:00,2026-04-02T21:53:21-07:00,6,33
cv\index.html,42,html,e414e0ec,Johny Nguyen,2026-04-02,21:53:21,-07:00,2026-04-02T21:53:21-07:00,6,62
cv\index.html,43,html,e414e0ec,Johny Nguyen,2026-04-02,21:53:21,-07:00,2026-04-02T21:53:21-07:00,6,71
cv\index.html,44,html,e414e0ec,Johny Nguyen,2026-04-02,21:53:21,-07:00,2026-04-02T21:53:21-07:00,4,3
cv\index.html,45,html,2bbdfad9,Johny Nguyen,2026-04-03,21:41:01,-07:00,2026-04-03T21:41:01-07:00,4,8
cv\index.html,46,html,e414e0ec,Johny Nguyen,2026-04-02,21:53:21,-07:00,2026-04-02T21:53:21-07:00,2,8
cv\index.html,47,html,e414e0ec,Johny Nguyen,2026-04-02,21:53:21,-07:00,2026-04-02T21:53:21-07:00,0,0
cv\index.html,48,html,e414e0ec,Johny Nguyen,2026-04-02,21:53:21,-07:00,2026-04-02T21:53:21-07:00,2,7
cv\index.html,49,html,e414e0ec,Johny Nguyen,2026-04-02,21:53:21,-07:00,2026-04-02T21:53:21-07:00,4,19
cv\index.html,50,html,2bbdfad9,Johny Nguyen,2026-04-03,21:41:01,-07:00,2026-04-03T21:41:01-07:00,0,0
cv\index.html,51,html,2bbdfad9,Johny Nguyen,2026-04-03,21:41:01,-07:00,2026-04-03T21:41:01-07:00,4,7
cv\index.html,52,html,661d51cf,johny-nguyen,2026-04-10,19:47:38,-07:00,2026-04-10T19:47:38-07:00,4,93
cv\index.html,53,html,e414e0ec,Johny Nguyen,2026-04-02,21:53:21,-07:00,2026-04-02T21:53:21-07:00,4,42
cv\index.html,54,html,e414e0ec,Johny Nguyen,2026-04-02,21:53:21,-07:00,2026-04-02T21:53:21-07:00,0,0
cv\index.html,55,html,e414e0ec,Johny Nguyen,2026-04-02,21:53:21,-07:00,2026-04-02T21:53:21-07:00,4,2
cv\index.html,56,html,e414e0ec,Johny Nguyen,2026-04-02,21:53:21,-07:00,2026-04-02T21:53:21-07:00,6,144
cv\index.html,57,html,e414e0ec,Johny Nguyen,2026-04-02,21:53:21,-07:00,2026-04-02T21:53:21-07:00,6,119
cv\index.html,58,html,e414e0ec,Johny Nguyen,2026-04-02,21:53:21,-07:00,2026-04-02T21:53:21-07:00,6,118
cv\index.html,59,html,e414e0ec,Johny Nguyen,2026-04-02,21:53:21,-07:00,2026-04-02T21:53:21-07:00,4,3
cv\index.html,60,html,2bbdfad9,Johny Nguyen,2026-04-03,21:41:01,-07:00,2026-04-03T21:41:01-07:00,4,8
cv\index.html,61,html,e414e0ec,Johny Nguyen,2026-04-02,21:53:21,-07:00,2026-04-02T21:53:21-07:00,0,0
cv\index.html,62,html,2bbdfad9,Johny Nguyen,2026-04-03,21:41:01,-07:00,2026-04-03T21:41:01-07:00,4,7
cv\index.html,63,html,661d51cf,johny-nguyen,2026-04-10,19:47:38,-07:00,2026-04-10T19:47:38-07:00,4,51
cv\index.html,64,html,e414e0ec,Johny Nguyen,2026-04-02,21:53:21,-07:00,2026-04-02T21:53:21-07:00,4,2
cv\index.html,65,html,e414e0ec,Johny Nguyen,2026-04-02,21:53:21,-07:00,2026-04-02T21:53:21-07:00,6,103
cv\index.html,66,html,e414e0ec,Johny Nguyen,2026-04-02,21:53:21,-07:00,2026-04-02T21:53:21-07:00,6,93
cv\index.html,67,html,e414e0ec,Johny Nguyen,2026-04-02,21:53:21,-07:00,2026-04-02T21:53:21-07:00,4,3
cv\index.html,68,html,2bbdfad9,Johny Nguyen,2026-04-03,21:41:01,-07:00,2026-04-03T21:41:01-07:00,4,8
cv\index.html,69,html,e414e0ec,Johny Nguyen,2026-04-02,21:53:21,-07:00,2026-04-02T21:53:21-07:00,2,8
cv\index.html,70,html,e414e0ec,Johny Nguyen,2026-04-02,21:53:21,-07:00,2026-04-02T21:53:21-07:00,0,0
cv\index.html,71,html,e414e0ec,Johny Nguyen,2026-04-02,21:53:21,-07:00,2026-04-02T21:53:21-07:00,2,7
cv\index.html,72,html,e414e0ec,Johny Nguyen,2026-04-02,21:53:21,-07:00,2026-04-02T21:53:21-07:00,4,22
cv\index.html,73,html,2bbdfad9,Johny Nguyen,2026-04-03,21:41:01,-07:00,2026-04-03T21:41:01-07:00,0,0
cv\index.html,74,html,2bbdfad9,Johny Nguyen,2026-04-03,21:41:01,-07:00,2026-04-03T21:41:01-07:00,4,7
cv\index.html,75,html,e414e0ec,Johny Nguyen,2026-04-02,21:53:21,-07:00,2026-04-02T21:53:21-07:00,4,18
cv\index.html,76,html,661d51cf,johny-nguyen,2026-04-10,19:47:38,-07:00,2026-04-10T19:47:38-07:00,4,86
cv\index.html,77,html,e414e0ec,Johny Nguyen,2026-04-02,21:53:21,-07:00,2026-04-02T21:53:21-07:00,4,2
cv\index.html,78,html,e414e0ec,Johny Nguyen,2026-04-02,21:53:21,-07:00,2026-04-02T21:53:21-07:00,6,117
cv\index.html,79,html,e414e0ec,Johny Nguyen,2026-04-02,21:53:21,-07:00,2026-04-02T21:53:21-07:00,6,116
cv\index.html,80,html,e414e0ec,Johny Nguyen,2026-04-02,21:53:21,-07:00,2026-04-02T21:53:21-07:00,6,90
cv\index.html,81,html,e414e0ec,Johny Nguyen,2026-04-02,21:53:21,-07:00,2026-04-02T21:53:21-07:00,4,3
cv\index.html,82,html,2bbdfad9,Johny Nguyen,2026-04-03,21:41:01,-07:00,2026-04-03T21:41:01-07:00,4,8
cv\index.html,83,html,e414e0ec,Johny Nguyen,2026-04-02,21:53:21,-07:00,2026-04-02T21:53:21-07:00,2,8
cv\index.html,84,html,e414e0ec,Johny Nguyen,2026-04-02,21:53:21,-07:00,2026-04-02T21:53:21-07:00,0,0
cv\index.html,85,html,e414e0ec,Johny Nguyen,2026-04-02,21:53:21,-07:00,2026-04-02T21:53:21-07:00,0,5
cv\index.html,86,html,e414e0ec,Johny Nguyen,2026-04-02,21:53:21,-07:00,2026-04-02T21:53:21-07:00,0,5
contact\index.html,1,html,31f341e6,Johny Nguyen,2026-04-02,20:44:34,-07:00,2026-04-02T20:44:34-07:00,0,13
contact\index.html,2,html,31f341e6,Johny Nguyen,2026-04-02,20:44:34,-07:00,2026-04-02T20:44:34-07:00,0,14
contact\index.html,3,html,31f341e6,Johny Nguyen,2026-04-02,20:44:34,-07:00,2026-04-02T20:44:34-07:00,0,4
contact\index.html,4,html,31f341e6,Johny Nguyen,2026-04-02,20:44:34,-07:00,2026-04-02T20:44:34-07:00,2,20
contact\index.html,5,html,31f341e6,Johny Nguyen,2026-04-02,20:44:34,-07:00,2026-04-02T20:44:34-07:00,2,68
contact\index.html,6,html,31f341e6,Johny Nguyen,2026-04-02,20:44:34,-07:00,2026-04-02T20:44:34-07:00,2,20
contact\index.html,7,html,4235b5be,Johny Nguyen,2026-04-10,02:21:50,-07:00,2026-04-10T02:21:50-07:00,2,45
contact\index.html,8,html,57955961,Johny Nguyen,2026-04-17,21:43:55,-07:00,2026-04-17T21:43:55-07:00,2,48
contact\index.html,9,html,31f341e6,Johny Nguyen,2026-04-02,20:44:34,-07:00,2026-04-02T20:44:34-07:00,0,5
contact\index.html,10,html,31f341e6,Johny Nguyen,2026-04-02,20:44:34,-07:00,2026-04-02T20:44:34-07:00,0,0
contact\index.html,11,html,31f341e6,Johny Nguyen,2026-04-02,20:44:34,-07:00,2026-04-02T20:44:34-07:00,0,4
contact\index.html,12,html,9153d06b,Johny Nguyen,2026-04-17,01:41:31,-07:00,2026-04-17T01:41:31-07:00,2,8
contact\index.html,13,html,31f341e6,Johny Nguyen,2026-04-02,20:44:34,-07:00,2026-04-02T20:44:34-07:00,4,2
contact\index.html,14,html,31f341e6,Johny Nguyen,2026-04-02,20:44:34,-07:00,2026-04-02T20:44:34-07:00,6,39
contact\index.html,15,html,60b48528,Johny Nguyen,2026-04-02,20:54:22,-07:00,2026-04-02T20:54:22-07:00,6,52
contact\index.html,16,html,9153d06b,Johny Nguyen,2026-04-17,01:41:31,-07:00,2026-04-17T01:41:31-07:00,6,39
contact\index.html,17,html,31f341e6,Johny Nguyen,2026-04-02,20:44:34,-07:00,2026-04-02T20:44:34-07:00,6,81
contact\index.html,18,html,e414e0ec,Johny Nguyen,2026-04-02,21:53:21,-07:00,2026-04-02T21:53:21-07:00,6,42
contact\index.html,19,html,e414e0ec,Johny Nguyen,2026-04-02,21:53:21,-07:00,2026-04-02T21:53:21-07:00,0,0
contact\index.html,20,html,31f341e6,Johny Nguyen,2026-04-02,20:44:34,-07:00,2026-04-02T20:44:34-07:00,4,3
contact\index.html,21,html,9153d06b,Johny Nguyen,2026-04-17,01:41:31,-07:00,2026-04-17T01:41:31-07:00,2,8
contact\index.html,22,html,31f341e6,Johny Nguyen,2026-04-02,20:44:34,-07:00,2026-04-02T20:44:34-07:00,0,0
contact\index.html,23,html,31f341e6,Johny Nguyen,2026-04-02,20:44:34,-07:00,2026-04-02T20:44:34-07:00,2,14
contact\index.html,24,html,d1076aed,Johny Nguyen,2026-04-17,18:48:36,-07:00,2026-04-17T18:48:36-07:00,2,53
contact\index.html,25,html,d1076aed,Johny Nguyen,2026-04-17,18:48:36,-07:00,2026-04-17T18:48:36-07:00,3,80
contact\index.html,26,html,31f341e6,Johny Nguyen,2026-04-02,20:44:34,-07:00,2026-04-02T20:44:34-07:00,0,0
contact\index.html,27,html,d1076aed,Johny Nguyen,2026-04-17,18:48:36,-07:00,2026-04-17T18:48:36-07:00,4,62
contact\index.html,28,html,31f341e6,Johny Nguyen,2026-04-02,20:44:34,-07:00,2026-04-02T20:44:34-07:00,0,0
contact\index.html,29,html,d1076aed,Johny Nguyen,2026-04-17,18:48:36,-07:00,2026-04-17T18:48:36-07:00,4,71
contact\index.html,30,html,31f341e6,Johny Nguyen,2026-04-02,20:44:34,-07:00,2026-04-02T20:44:34-07:00,0,0
contact\index.html,31,html,31f341e6,Johny Nguyen,2026-04-02,20:44:34,-07:00,2026-04-02T20:44:34-07:00,4,21
contact\index.html,32,html,31f341e6,Johny Nguyen,2026-04-02,20:44:34,-07:00,2026-04-02T20:44:34-07:00,2,5
contact\index.html,33,html,e414e0ec,Johny Nguyen,2026-04-02,21:53:21,-07:00,2026-04-02T21:53:21-07:00,0,0
contact\index.html,34,html,31f341e6,Johny Nguyen,2026-04-02,20:44:34,-07:00,2026-04-02T20:44:34-07:00,0,5
contact\index.html,35,html,d1076aed,Johny Nguyen,2026-04-17,18:48:36,-07:00,2026-04-17T18:48:36-07:00,0,5
